﻿number,county,,,,,,
1,Østfold,,,,,,1 Østfold
2,Akershus,,,,,,2 Akershus
3,Oslo,,,,,,3 Oslo
4,Hedmark,,,,,,4 Hedmark
5,Oppland,,,,,,5 Oppland
6,Buskerud,,,,,,6 Buskerud
7,Vestfold,,,,,,7 Vestfold
8,Telemark,,,,,,8 Telemark
9,Aust-Agder,,,,,,9 Aust-Agder
10,Vest-Agder,,,,,,10 Vest-Agder
11,Rogaland,,,,,,11 Rogaland
12,Hordaland,,,,,,12 Hordaland
14,Fjordane,,,,,,14 Sogn og Fjordane
15,Romsdal,,,,,,15 Møre og Romsdal
16,Sør-Trøndelag,,,,,,16 Sør-Trøndelag
17,Nord-Trøndelag,,,,,,17 Nord-Trøndelag
18,Nordland,,,,,,18 Nordland
19,Troms,,,,,,19 Troms
20,Finnmark,,,,,,20 Finnmark
21,Svalbard,,,,,,21 Svalbard
22,Mayen,,,,,,22 Jan Mayen
23,Kontinentalsokkelen,,,,,,23 Kontinentalsokkelen
24,Luftrommet,,,,,,24 Luftrommet
25,ambassader,,,,,,"25 Diverse ting i utlandet, bl.a. ambassader"
26,Havområder,,,,,,26 Havområder
27,biland,,,,,,27 Norske biland
30,Viken,,,,,,30 Viken
34,Innlandet,,,,,,34 Innlandet
38,Telemark,,,,,,38 Vestfold og Telemark
42,Agder,,,,,,42 Agder
46,Vestland,,,,,,46 Vestland
50,Trøndelag,,,,,,50 Trøndelag
54,Finnmark,,,,,,54 Troms og Finnmark