﻿tall_og_navn,median_income,kommunenavn
3001 Halden,643000,Halden
3002 Moss,676000,Moss
3003 Sarpsborg,665000,Sarpsborg
3004 Fredrikstad,676000,Fredrikstad
3005 Drammen,699000,Drammen
3006 Kongsberg,750000,Kongsberg
3007 Ringerike,666000,Ringerike
3011 Hvaler,778000,Hvaler
3012 Aremark,700000,Aremark
3013 Marker,642000,Marker
3014 Indre Østfold,690000,Østfold
3015 Skiptvet,730000,Skiptvet
3016 Rakkestad,687000,Rakkestad
3017 Råde,779000,Råde
3018 Våler (Viken),831000,Viken
3019 Vestby,852000,Vestby
3020 Nordre Follo,904000,Follo
3021 Ås,783000,Ås
3022 Frogn,846000,Frogn
3023 Nesodden,874000,Nesodden
3024 Bærum,941000,Bærum
3025 Asker,911000,Asker
3026 Aurskog-Høland,709000,Aurskog-Høland
3027 Rælingen,809000,Rælingen
3028 Enebakk,814000,Enebakk
3029 Lørenskog,774000,Lørenskog
3030 Lillestrøm,799000,Lillestrøm
3031 Nittedal,901000,Nittedal
3032 Gjerdrum,884000,Gjerdrum
3033 Ullensaker,738000,Ullensaker
3034 Nes,778000,Nes
3035 Eidsvoll,741000,Eidsvoll
3036 Nannestad,776000,Nannestad
3037 Hurdal,653000,Hurdal
3038 Hole,843000,Hole
3039 Flå,619000,Flå
3040 Nesbyen,659000,Nesbyen
3041 Gol,636000,Gol
3042 Hemsedal,697000,Hemsedal
3043 Ål,702000,Ål
3044 Hol,686000,Hol
3045 Sigdal,670000,Sigdal
3046 Krødsherad,642000,Krødsherad
3047 Modum,668000,Modum
3048 Øvre Eiker,734000,Eiker
3049 Lier,836000,Lier
3050 Flesberg,755000,Flesberg
3051 Rollag,638000,Rollag
3052 Nore og Uvdal,662000,Uvdal
3053 Jevnaker,710000,Jevnaker
3054 Lunner,777000,Lunner
0301 Oslo kommune,696000,Oslo
3401 Kongsvinger,620000,Kongsvinger
3403 Hamar,684000,Hamar
3405 Lillehammer,702000,Lillehammer
3407 Gjøvik,653000,Gjøvik
3411 Ringsaker,692000,Ringsaker
3412 Løten,704000,Løten
3413 Stange,708000,Stange
3414 Nord-Odal,625000,Nord-Odal
3415 Sør-Odal,718000,Sør-Odal
3416 Eidskog,579000,Eidskog
3417 Grue,580000,Grue
3418 Åsnes,597000,Åsnes
3419 Våler (Innlandet),592000,Våler
3420 Elverum,671000,Elverum
3421 Trysil,596000,Trysil
3422 Åmot,610000,Åmot
3423 Stor-Elvdal,546000,Stor-Elvdal
3424 Rendalen,557000,Rendalen
3425 Engerdal,632000,Engerdal
3426 Tolga,635000,Tolga
3427 Tynset,698000,Tynset
3428 Alvdal,736000,Alvdal
3429 Folldal,632000,Folldal
3430 Os,678000,Os
3431 Dovre,611000,Dovre
3432 Lesja,674000,Lesja
3433 Skjåk,656000,Skjåk
3434 Lom,665000,Lom
3435 Vågå,655000,Vågå
3436 Nord-Fron,625000,Nord-Fron
3437 Sel,632000,Sel
3438 Sør-Fron,642000,Sør-Fron
3439 Ringebu,634000,Ringebu
3440 Øyer,665000,Øyer
3441 Gausdal,682000,Gausdal
3442 Østre Toten,678000,Østre
3443 Vestre Toten,658000,Vestre
3446 Gran,699000,Gran
3447 Søndre Land,629000,Land
3448 Nordre Land,613000,Land
3449 Sør-Aurdal,595000,Sør-Aurdal
3450 Etnedal,565000,Etnedal
3451 Nord-Aurdal,627000,Nord-Aurdal
3452 Vestre Slidre,652000,Slidre
3453 Øystre Slidre,677000,Slidre
3454 Vang,656000,Vang
3801 Horten,679000,Horten
3802 Holmestrand,744000,Holmestrand
3803 Tønsberg,702000,Tønsberg
3804 Sandefjord,678000,Sandefjord
3805 Larvik,681000,Larvik
3806 Porsgrunn,688000,Porsgrunn
3807 Skien,674000,Skien
3808 Notodden,652000,Notodden
3811 Færder,745000,Færder
3812 Siljan,823000,Siljan
3813 Bamble,761000,Bamble
3814 Kragerø,645000,Kragerø
3815 Drangedal,650000,Drangedal
3816 Nome,663000,Nome
3817 Midt-Telemark,672000,Midt-Telemark
3818 Tinn,641000,Tinn
3819 Hjartdal,703000,Hjartdal
3820 Seljord,666000,Seljord
3821 Kviteseid,669000,Kviteseid
3822 Nissedal,682000,Nissedal
3823 Fyresdal,655000,Fyresdal
3824 Tokke,694000,Tokke
3825 Vinje,716000,Vinje
4201 Risør,642000,Risør
4202 Grimstad,714000,Grimstad
4203 Arendal,674000,Arendal
4204 Kristiansand,699000,Kristiansand
4205 Lindesnes,702000,Lindesnes
4206 Farsund,702000,Farsund
4207 Flekkefjord,718000,Flekkefjord
4211 Gjerstad,619000,Gjerstad
4212 Vegårshei,693000,Vegårshei
4213 Tvedestrand,675000,Tvedestrand
4214 Froland,734000,Froland
4215 Lillesand,783000,Lillesand
4216 Birkenes,738000,Birkenes
4217 Åmli,636000,Åmli
4218 Iveland,720000,Iveland
4219 Evje og Hornnes,653000,Hornnes
4220 Bygland,635000,Bygland
4221 Valle,719000,Valle
4222 Bykle,664000,Bykle
4223 Vennesla,690000,Vennesla
4224 Åseral,732000,Åseral
4225 Lyngdal,718000,Lyngdal
4226 Hægebostad,811000,Hægebostad
4227 Kvinesdal,700000,Kvinesdal
4228 Sirdal,814000,Sirdal
1101 Eigersund,767000,Eigersund
1103 Stavanger,800000,Stavanger
1106 Haugesund,672000,Haugesund
1108 Sandnes,829000,Sandnes
1111 Sokndal,743000,Sokndal
1112 Lund,743000,Lund
1114 Bjerkreim,879000,Bjerkreim
1119 Hå,797000,Hå
1120 Klepp,849000,Klepp
1121 Time,820000,Time
1122 Gjesdal,885000,Gjesdal
1124 Sola,918000,Sola
1127 Randaberg,895000,Randaberg
1130 Strand,821000,Strand
1133 Hjelmeland,805000,Hjelmeland
1134 Suldal,784000,Suldal
1135 Sauda,707000,Sauda
1144 Kvitsøy,864000,Kvitsøy
1145 Bokn,833000,Bokn
1146 Tysvær,846000,Tysvær
1149 Karmøy,784000,Karmøy
1151 Utsira,845000,Utsira
1160 Vindafjord,767000,Vindafjord
4601 Bergen,713000,Bergen
4602 Kinn,771000,Kinn
4611 Etne,747000,Etne
4612 Sveio,802000,Sveio
4613 Bømlo,820000,Bømlo
4614 Stord,771000,Stord
4615 Fitjar,823000,Fitjar
4616 Tysnes,704000,Tysnes
4617 Kvinnherad,767000,Kvinnherad
4618 Ullensvang,711000,Ullensvang
4619 Eidfjord,766000,Eidfjord
4620 Ulvik,697000,Ulvik
4621 Voss,728000,Voss
4622 Kvam,761000,Kvam
4623 Samnanger,760000,Samnanger
4624 Bjørnafjorden,835000,Bjørnafjorden
4625 Austevoll,927000,Austevoll
4626 Øygarden,845000,Øygarden
4627 Askøy,896000,Askøy
4628 Vaksdal,696000,Vaksdal
4629 Modalen,788000,Modalen
4630 Osterøy,756000,Osterøy
4631 Alver,801000,Alver
4632 Austrheim,796000,Austrheim
4633 Fedje,687000,Fedje
4634 Masfjorden,809000,Masfjorden
4635 Gulen,731000,Gulen
4636 Solund,763000,Solund
4637 Hyllestad,652000,Hyllestad
4638 Høyanger,694000,Høyanger
4639 Vik,736000,Vik
4640 Sogndal,776000,Sogndal
4641 Aurland,705000,Aurland
4642 Lærdal,723000,Lærdal
4643 Årdal,732000,Årdal
4644 Luster,739000,Luster
4645 Askvoll,729000,Askvoll
4646 Fjaler,608000,Fjaler
4647 Sunnfjord,806000,Sunnfjord
4648 Bremanger,702000,Bremanger
4649 Stad,771000,Stad
4650 Gloppen,752000,Gloppen
4651 Stryn,708000,Stryn
1505 Kristiansund,659000,Kristiansund
1506 Molde,729000,Molde
1507 Ålesund,740000,Ålesund
1511 Vanylven,718000,Vanylven
1514 Sande (Møre og Romsdal),684000,Romsdal)
1515 Herøy (Møre og Romsdal),803000,Romsdal)
1516 Ulstein,792000,Ulstein
1517 Hareid,739000,Hareid
1520 Ørsta,742000,Ørsta
1525 Stranda,742000,Stranda
1528 Sykkylven,764000,Sykkylven
1531 Sula,817000,Sula
1532 Giske,890000,Giske
1535 Vestnes,717000,Vestnes
1539 Rauma,691000,Rauma
1547 Aukra,775000,Aukra
1554 Averøy,785000,Averøy
1557 Gjemnes,755000,Gjemnes
1560 Tingvoll,710000,Tingvoll
1563 Sunndal,723000,Sunndal
1566 Surnadal,678000,Surnadal
1573 Smøla,652000,Smøla
1576 Aure,701000,Aure
1577 Volda,711000,Volda
1578 Fjord,687000,Fjord
1579 Hustadvika,747000,Hustadvika
5001 Trondheim,712000,Trondheim
5006 Steinkjer,670000,Steinkjer
5007 Namsos,699000,Namsos
5014 Frøya,712000,Frøya
5020 Osen,630000,Osen
5021 Oppdal,682000,Oppdal
5022 Rennebu,658000,Rennebu
5025 Røros,675000,Røros
5026 Holtålen,694000,Holtålen
5027 Midtre Gauldal,703000,Gauldal
5028 Melhus,779000,Melhus
5029 Skaun,872000,Skaun
5031 Malvik,870000,Malvik
5032 Selbu,714000,Selbu
5033 Tydal,682000,Tydal
5034 Meråker,612000,Meråker
5035 Stjørdal,733000,Stjørdal
5036 Frosta,716000,Frosta
5037 Levanger,730000,Levanger
5038 Verdal,673000,Verdal
5041 Snåase - Snåsa,684000,Snåsa
5042 Lierne,714000,Lierne
5043 Raarvihke - Røyrvik,662000,Røyrvik
5044 Namsskogan,611000,Namsskogan
5045 Grong,655000,Grong
5046 Høylandet,696000,Høylandet
5047 Overhalla,796000,Overhalla
5049 Flatanger,767000,Flatanger
5052 Leka,682000,Leka
5053 Inderøy,747000,Inderøy
5054 Indre Fosen,692000,Fosen
5055 Heim,704000,Heim
5056 Hitra,658000,Hitra
5057 Ørland,691000,Ørland
5058 Åfjord,672000,Åfjord
5059 Orkland,698000,Orkland
5060 Nærøysund,728000,Nærøysund
5061 Rindal,717000,Rindal
1804 Bodø,751000,Bodø
1806 Narvik,695000,Narvik
1811 Bindal,656000,Bindal
1812 Sømna,678000,Sømna
1813 Brønnøy,727000,Brønnøy
1815 Vega,710000,Vega
1816 Vevelstad,638000,Vevelstad
1818 Herøy (Nordland),679000,(Nordland)
1820 Alstahaug,700000,Alstahaug
1822 Leirfjord,708000,Leirfjord
1824 Vefsn,676000,Vefsn
1825 Grane,639000,Grane
1826 Hattfjelldal,622000,Hattfjelldal
1827 Dønna,657000,Dønna
1828 Nesna,672000,Nesna
1832 Hemnes,657000,Hemnes
1833 Rana,717000,Rana
1834 Lurøy,693000,Lurøy
1835 Træna,632000,Træna
1836 Rødøy,727000,Rødøy
1837 Meløy,725000,Meløy
1838 Gildeskål,668000,Gildeskål
1839 Beiarn,609000,Beiarn
1840 Saltdal,703000,Saltdal
1841 Fauske - Fuossko,689000,Fuossko
1845 Sørfold,670000,Sørfold
1848 Steigen,660000,Steigen
1851 Lødingen,642000,Lødingen
1853 Evenes - Evenássi,675000,Evenássi
1856 Røst,657000,Røst
1857 Værøy,580000,Værøy
1859 Flakstad,665000,Flakstad
1860 Vestvågøy,686000,Vestvågøy
1865 Vågan,654000,Vågan
1866 Hadsel,676000,Hadsel
1867 Bø (Nordland),583000,Bø
1868 Øksnes,651000,Øksnes
1870 Sortland - Suortá,697000,Suortá
1871 Andøy,667000,Andøy
1874 Moskenes,558000,Moskenes
1875 Hamarøy,623000,Hamarøy
5401 Tromsø,731000,Tromsø
5402 Harstad,705000,Harstad
5403 Alta,757000,Alta
5404 Vardø,566000,Vardø
5405 Vadsø,696000,Vadsø
5406 Hammerfest,721000,Hammerfest – Hámmerfeasta
5411 Kvæfjord,697000,Kvæfjord
5412 Tjeldsund,679000,Tjeldsund
5413 Ibestad,587000,Ibestad
5414 Gratangen,580000,Gratangen
5415 Loabák - Lavangen,678000,Lavangen
5416 Bardu,731000,Bardu
5417 Salangen,658000,Salangen
5418 Målselv,717000,Målselv
5419 Sørreisa,720000,Sørreisa
5420 Dyrøy,627000,Dyrøy
5421 Senja,685000,Senja
5422 Balsfjord,643000,Balsfjord
5423 Karlsøy,623000,Karlsøy
5424 Lyngen,649000,Lyngen
5425 Storfjord - Omasvuotna - Omasvuono,646000,Omasvuono
5426 Gáivuotna - Kåfjord - Kaivuono,614000,Kaivuono
5427 Skjervøy,630000,Skjervøy
5428 Nordreisa,680000,Nordreisa
5429 Kvænangen,625000,Kvænangen
5430 Guovdageaidnu - Kautokeino,717000,Kautokeino
5432 Loppa,559000,Loppa
5433 Hasvik,590000,Hasvik
5434 Måsøy,611000,Måsøy
5435 Nordkapp,642000,Nordkapp
5436 Porsanger - Porsángu - Porsanki ,666000,Porsanki 
5437 Kárásjohka - Karasjok,718000,Karasjok
5438 Lebesby,598000,Lebesby
5439 Gamvik,526000,Gamvik
5440 Berlevåg,612000,Berlevåg
5441 Deatnu - Tana,656000,Tana
5442 Unjárga - Nesseby,577000,Nesseby
5443 Båtsfjord,630000,Båtsfjord
5444 Sør-Varanger,698000,Sør-Varanger