﻿kommune,befolkning,kommunenummer
3001 Halden,31373,Halden
3002 Moss,49273,Moss
3003 Sarpsborg,56732,Sarpsborg
3004 Fredrikstad,82385,Fredrikstad
3005 Drammen,101386,Drammen
3006 Kongsberg,27723,Kongsberg
3007 Ringerike,30641,Ringerike
3011 Hvaler,4668,Hvaler
3012 Aremark,1325,Aremark
3013 Marker,3595,Marker
3014 Indre Østfold,44792,Indre Østfold
3015 Skiptvet,3805,Skiptvet
3016 Rakkestad,8255,Rakkestad
3017 Råde,7508,Råde
3018 Våler (Viken),5736,Våler (Viken)
3019 Vestby,18042,Vestby
3020 Nordre Follo,59288,Nordre Follo
3021 Ås,20439,Ås
3022 Frogn,15877,Frogn
3023 Nesodden,19616,Nesodden
3024 Bærum,127731,Bærum
3025 Asker,94441,Asker
3026 Aurskog-Høland,17390,Aurskog-Høland
3027 Rælingen,18530,Rælingen
3028 Enebakk,11110,Enebakk
3029 Lørenskog,41460,Lørenskog
3030 Lillestrøm,85983,Lillestrøm
3031 Nittedal,24249,Nittedal
3032 Gjerdrum,6890,Gjerdrum
3033 Ullensaker,39625,Ullensaker
3034 Nes,23092,Nes
3035 Eidsvoll,25436,Eidsvoll
3036 Nannestad,14139,Nannestad
3037 Hurdal,2854,Hurdal
3038 Hole,6799,Hole
3039 Flå,1050,Flå
3040 Nesbyen,3273,Nesbyen
3041 Gol,4608,Gol
3042 Hemsedal,2486,Hemsedal
3043 Ål,4674,Ål
3044 Hol,4441,Hol
3045 Sigdal,3467,Sigdal
3046 Krødsherad,2212,Krødsherad
3047 Modum,14115,Modum
3048 Øvre Eiker,19423,Øvre Eiker
3049 Lier,26811,Lier
3050 Flesberg,2688,Flesberg
3051 Rollag,1390,Rollag
3052 Nore og Uvdal,2439,Nore og Uvdal
3053 Jevnaker,6852,Jevnaker
3054 Lunner,9048,Lunner
0301 Oslo,693494,Oslo
3401 Kongsvinger,17829,Kongsvinger
3403 Hamar,31369,Hamar
3405 Lillehammer,28345,Lillehammer
3407 Gjøvik,30560,Gjøvik
3411 Ringsaker,34768,Ringsaker
3412 Løten,7674,Løten
3413 Stange,21064,Stange
3414 Nord-Odal,5016,Nord-Odal
3415 Sør-Odal,7905,Sør-Odal
3416 Eidskog,6106,Eidskog
3417 Grue,4612,Grue
3418 Åsnes,7203,Åsnes
3419 Våler (Innlandet),3662,Våler (Innlandet)
3420 Elverum,21254,Elverum
3421 Trysil,6627,Trysil
3422 Åmot,4356,Åmot
3423 Stor-Elvdal,2419,Stor-Elvdal
3424 Rendalen,1780,Rendalen
3425 Engerdal,1268,Engerdal
3426 Tolga,1562,Tolga
3427 Tynset,5578,Tynset
3428 Alvdal,2432,Alvdal
3429 Folldal,1545,Folldal
3430 Os,1891,Os
3431 Dovre,2553,Dovre
3432 Lesja,1975,Lesja
3433 Skjåk,2197,Skjåk
3434 Lom,2228,Lom
3435 Vågå,3570,Vågå
3436 Nord-Fron,5723,Nord-Fron
3437 Sel,5739,Sel
3438 Sør-Fron,3119,Sør-Fron
3439 Ringebu,4392,Ringebu
3440 Øyer,5100,Øyer
3441 Gausdal,6106,Gausdal
3442 Østre Toten,14973,Østre Toten
3443 Vestre Toten,13427,Vestre Toten
3446 Gran,13630,Gran
3447 Søndre Land,5617,Søndre Land
3448 Nordre Land,6633,Nordre Land
3449 Sør-Aurdal,2954,Sør-Aurdal
3450 Etnedal,1279,Etnedal
3451 Nord-Aurdal,6413,Nord-Aurdal
3452 Vestre Slidre,2125,Vestre Slidre
3453 Øystre Slidre,3229,Øystre Slidre
3454 Vang,1578,Vang
3801 Horten,27351,Horten
3802 Holmestrand,24699,Holmestrand
3803 Tønsberg,56293,Tønsberg
3804 Sandefjord,63764,Sandefjord
3805 Larvik,47204,Larvik
3806 Porsgrunn,36397,Porsgrunn
3807 Skien,54942,Skien
3808 Notodden,13049,Notodden
3811 Færder,26730,Færder
3812 Siljan,2340,Siljan
3813 Bamble,14061,Bamble
3814 Kragerø,10380,Kragerø
3815 Drangedal,4060,Drangedal
3816 Nome,6515,Nome
3817 Midt-Telemark,10444,Midt-Telemark
3818 Tinn,5691,Tinn
3819 Hjartdal,1573,Hjartdal
3820 Seljord,2888,Seljord
3821 Kviteseid,2403,Kviteseid
3822 Nissedal,1448,Nissedal
3823 Fyresdal,1287,Fyresdal
3824 Tokke,2201,Tokke
3825 Vinje,3676,Vinje
4201 Risør,6809,Risør
4202 Grimstad,23544,Grimstad
4203 Arendal,44999,Arendal
4204 Kristiansand,111633,Kristiansand
4205 Lindesnes,23046,Lindesnes
4206 Farsund,9691,Farsund
4207 Flekkefjord,9028,Flekkefjord
4211 Gjerstad,2428,Gjerstad
4212 Vegårshei,2097,Vegårshei
4213 Tvedestrand,6053,Tvedestrand
4214 Froland,5951,Froland
4215 Lillesand,11074,Lillesand
4216 Birkenes,5226,Birkenes
4217 Åmli,1836,Åmli
4218 Iveland,1331,Iveland
4219 Evje og Hornnes,3634,Evje og Hornnes
4220 Bygland,1162,Bygland
4221 Valle,1164,Valle
4222 Bykle,965,Bykle
4223 Vennesla,14774,Vennesla
4224 Åseral,932,Åseral
4225 Lyngdal,10365,Lyngdal
4226 Hægebostad,1680,Hægebostad
4227 Kvinesdal,5987,Kvinesdal
4228 Sirdal,1822,Sirdal
1101 Eigersund,14811,Eigersund
1103 Stavanger,143574,Stavanger
1106 Haugesund,37357,Haugesund
1108 Sandnes,79537,Sandnes
1111 Sokndal,3280,Sokndal
1112 Lund,3202,Lund
1114 Bjerkreim,2787,Bjerkreim
1119 Hå,18991,Hå
1120 Klepp,19588,Klepp
1121 Time,18916,Time
1122 Gjesdal,12002,Gjesdal
1124 Sola,27153,Sola
1127 Randaberg,11221,Randaberg
1130 Strand,12968,Strand
1133 Hjelmeland,2574,Hjelmeland
1134 Suldal,3804,Suldal
1135 Sauda,4595,Sauda
1144 Kvitsøy,517,Kvitsøy
1145 Bokn,852,Bokn
1146 Tysvær,11065,Tysvær
1149 Karmøy,42186,Karmøy
1151 Utsira,198,Utsira
1160 Vindafjord,8714,Vindafjord
4601 Bergen,283929,Bergen
4602 Kinn,17207,Kinn
4611 Etne,4062,Etne
4612 Sveio,5766,Sveio
4613 Bømlo,11957,Bømlo
4614 Stord,18759,Stord
4615 Fitjar,3189,Fitjar
4616 Tysnes,2869,Tysnes
4617 Kvinnherad,13071,Kvinnherad
4618 Ullensvang,11048,Ullensvang
4619 Eidfjord,906,Eidfjord
4620 Ulvik,1080,Ulvik
4621 Voss,15740,Voss
4622 Kvam,8457,Kvam
4623 Samnanger,2485,Samnanger
4624 Bjørnafjorden,24908,Bjørnafjorden
4625 Austevoll,5236,Austevoll
4626 Øygarden,38316,Øygarden
4627 Askøy,29553,Askøy
4628 Vaksdal,3977,Vaksdal
4629 Modalen,388,Modalen
4630 Osterøy,8098,Osterøy
4631 Alver,29224,Alver
4632 Austrheim,2870,Austrheim
4633 Fedje,548,Fedje
4634 Masfjorden,1691,Masfjorden
4635 Gulen,2297,Gulen
4636 Solund,802,Solund
4637 Hyllestad,1328,Hyllestad
4638 Høyanger,4101,Høyanger
4639 Vik,2635,Vik
4640 Sogndal,11847,Sogndal
4641 Aurland,1781,Aurland
4642 Lærdal,2126,Lærdal
4643 Årdal,5193,Årdal
4644 Luster,5174,Luster
4645 Askvoll,3011,Askvoll
4646 Fjaler,2802,Fjaler
4647 Sunnfjord,22030,Sunnfjord
4648 Bremanger,3629,Bremanger
4649 Stad,9457,Stad
4650 Gloppen,5854,Gloppen
4651 Stryn,7130,Stryn
1505 Kristiansund,24179,Kristiansund
1506 Molde,31967,Molde
1507 Ålesund,66258,Ålesund
1511 Vanylven,3117,Vanylven
1514 Sande,2461,Sande
1515 Herøy (Møre og Romsdal),8900,Herøy (Møre og Romsdal)
1516 Ulstein,8571,Ulstein
1517 Hareid,5175,Hareid
1520 Ørsta,10825,Ørsta
1525 Stranda,4523,Stranda
1528 Sykkylven,7625,Sykkylven
1531 Sula,9310,Sula
1532 Giske,8462,Giske
1535 Vestnes,6532,Vestnes
1539 Rauma,7468,Rauma
1547 Aukra,3509,Aukra
1554 Averøy,5788,Averøy
1557 Gjemnes,2629,Gjemnes
1560 Tingvoll,3025,Tingvoll
1563 Sunndal,7036,Sunndal
1566 Surnadal,5920,Surnadal
1573 Smøla,2150,Smøla
1576 Aure,3507,Aure
1577 Volda,10473,Volda
1578 Fjord,2549,Fjord
1579 Hustadvika,13279,Hustadvika
5001 Trondheim,205163,Trondheim
5006 Steinkjer,24357,Steinkjer
5007 Namsos,15230,Namsos
5014 Frøya,5151,Frøya
5020 Osen,948,Osen
5021 Oppdal,7001,Oppdal
5022 Rennebu,2486,Rennebu
5025 Røros,5581,Røros
5026 Holtålen,1981,Holtålen
5027 Midtre Gauldal,6238,Midtre Gauldal
5028 Melhus,16733,Melhus
5029 Skaun,8325,Skaun
5031 Malvik,14148,Malvik
5032 Selbu,4062,Selbu
5033 Tydal,769,Tydal
5034 Meråker,2422,Meråker
5035 Stjørdal,24145,Stjørdal
5036 Frosta,2627,Frosta
5037 Levanger,20164,Levanger
5038 Verdal,14948,Verdal
5041 Snåase - Snåsa,2063,Snåase - Snåsa
5042 Lierne,1355,Lierne
5043 Raarvihke - Røyrvik,461,Raarvihke - Røyrvik
5044 Namsskogan,843,Namsskogan
5045 Grong,2359,Grong
5046 Høylandet,1231,Høylandet
5047 Overhalla,3884,Overhalla
5049 Flatanger,1103,Flatanger
5052 Leka,557,Leka
5053 Inderøy,6816,Inderøy
5054 Indre Fosen,10084,Indre Fosen
5055 Heim,5963,Heim
5056 Hitra,5050,Hitra
5057 Ørland,10323,Ørland
5058 Åfjord,4288,Åfjord
5059 Orkland,18217,Orkland
5060 Nærøysund,9623,Nærøysund
5061 Rindal,2003,Rindal
1804 Bodø,52357,Bodø
1806 Narvik,21845,Narvik
1811 Bindal,1426,Bindal
1812 Sømna,1975,Sømna
1813 Brønnøy,7917,Brønnøy
1815 Vega,1200,Vega
1816 Vevelstad,462,Vevelstad
1818 Herøy (Nordland),1777,Herøy (Nordland)
1820 Alstahaug,7447,Alstahaug
1822 Leirfjord,2294,Leirfjord
1824 Vefsn,13278,Vefsn
1825 Grane,1482,Grane
1826 Hattfjelldal,1297,Hattfjelldal
1827 Dønna,1371,Dønna
1828 Nesna,1761,Nesna
1832 Hemnes,4454,Hemnes
1833 Rana,26184,Rana
1834 Lurøy,1890,Lurøy
1835 Træna,435,Træna
1836 Rødøy,1213,Rødøy
1837 Meløy,6288,Meløy
1838 Gildeskål,1950,Gildeskål
1839 Beiarn,1017,Beiarn
1840 Saltdal,4671,Saltdal
1841 Fauske - Fuosko,9739,Fauske - Fuosko
1845 Sørfold,1926,Sørfold
1848 Steigen,2608,Steigen
1851 Lødingen,2034,Lødingen
1853 Evenes - Evenássi,1348,Evenes - Evenássi
1856 Røst,498,Røst
1857 Værøy,728,Værøy
1859 Flakstad,1272,Flakstad
1860 Vestvågøy,11433,Vestvågøy
1865 Vågan,9608,Vågan
1866 Hadsel,8061,Hadsel
1867 Bø,2569,Bø
1868 Øksnes,4410,Øksnes
1870 Sortland - Suortá,10566,Sortland - Suortá
1871 Andøy,4663,Andøy
1874 Moskenes,1015,Moskenes
1875 Hamarøy,2766,Hamarøy
5401 Tromsø,76974,Tromsø
5402 Harstad,24703,Harstad
5403 Alta,20789,Alta
5404 Vardø,2029,Vardø
5405 Vadsø,5788,Vadsø
5406 Hammerfest,11448,Hammerfest
5411 Kvæfjord,2839,Kvæfjord
5412 Tjeldsund,4216,Tjeldsund
5413 Ibestad,1361,Ibestad
5414 Gratangen,1091,Gratangen
5415 Loabák - Lavangen,1034,Loabák - Lavangen
5416 Bardu,4005,Bardu
5417 Salangen,2146,Salangen
5418 Målselv,6640,Målselv
5419 Sørreisa,3464,Sørreisa
5420 Dyrøy,1083,Dyrøy
5421 Senja,14851,Senja
5422 Balsfjord,5559,Balsfjord
5423 Karlsøy,2200,Karlsøy
5424 Lyngen,2794,Lyngen
5425 Storfjord - Omasvuotna - Omasvuono,1829,Storfjord - Omasvuotna - Omasvuono
5426 Gáivuotna - Kåfjord - Kaivuono,2071,Gáivuotna - Kåfjord - Kaivuono
5427 Skjervøy,2927,Skjervøy
5428 Nordreisa,4861,Nordreisa
5429 Kvænangen,1191,Kvænangen
5430 Guovdageaidnu - Kautokeino,2910,Guovdageaidnu - Kautokeino
5432 Loppa,888,Loppa
5433 Hasvik,1005,Hasvik
5434 Måsøy,1225,Måsøy
5435 Nordkapp,3162,Nordkapp
5436 Porsanger - Porsángu - Porsanki ,3998,Porsanger - Porsángu - Porsanki 
5437 Kárásjohka - Karasjok,2628,Kárásjohka - Karasjok
5438 Lebesby,1290,Lebesby
5439 Gamvik,1132,Gamvik
5440 Berlevåg,957,Berlevåg
5441 Deatnu - Tana,2918,Deatnu - Tana
5442 Unjárga - Nesseby,926,Unjárga - Nesseby
5443 Båtsfjord,2221,Båtsfjord
5444 Sør-Varanger,10158,Sør-Varanger
21-22 Svalbard og Jan Mayen,0,Svalbard og Jan Mayen
23 Kontinentalsokkelen,0,Kontinentalsokkelen
Rest Delte kommuner og uoppgitt,0,Delte kommuner og uoppgitt
,,
<a href='https://www.ssb.no/offentlig-sektor/kommunekatalog/endringer-i-de-regionale-inndelingene' target='footnote'><b>Se liste over endringer i de regionale inndelingene.</b></a>,,
region:,,
Nordre Follo:,,
Før 2020 er tall for Tandbergløkka (del av grunnkrets Østensjø) regnet med under 3020 Ås. Fra 2020 tilhører området 3020 Nordre Follo.,,
,,
region:,,
Ås:,,
Før 2020 er tall for Tandbergløkka (del av grunnkrets Østensjø) regnet med under 3020 Ås. Fra 2020 tilhører området 3020 Nordre Follo.,,
,,
region:,,
Lillestrøm:,,
Før 2020 er tall for grunnkrets Rånåsfoss og deler av Hellesjø regnet med under 3030 Lillestrøm. Fra 2020 tilhører områdene 3034 Nes.,,
,,
region:,,
Nes:,,
Før 2020 er tall for grunnkrets Rånåsfoss og deler av Hellesjø regnet med under 3030 Lillestrøm. Fra 2020 tilhører områdene 3034 Nes.,,
,,
region:,,
Horten:,,
Før 2020 er tall for Pauliveien og Skoppum regnet med under 3803 Tønsberg. Fra 2020 tilhører områdene 3801 Horten. Før 2020 er tall for Haugan regnet med under 3801 Horten. Fra 2020 tilhører området 3803 Tønsberg.,,
,,
region:,,
Holmestrand:,,
Før 2020 er tall for grunnkrets Mulvika regnet med under 3803 Tønsberg. Fra 2020 tilhører grunnkretsen 3802 Holmestrand.,,
,,
region:,,
Tønsberg:,,
Før 2020 er tall for Pauliveien og Skoppum regnet med under 3803 Tønsberg. Fra 2020 tilhører områdene 3801 Horten. Før 2020 er tall for Haugan regnet med under 3801 Horten. Fra 2020 tilhører området 3803 Tønsberg.,,
,,
region:,,
Tønsberg:,,
Før 2020 er tall for grunnkrets Mulvika regnet med under 3803 Tønsberg. Fra 2020 tilhører grunnkretsen 3802 Holmestrand.,,
,,
region:,,
Notodden:,,
Før 2020 er tall for grunnkretsene Andgard og Hjuksebø regnet med under 3817 Midt-Telemark. Fra 2020 tilhører grunnkretsene 3808 Notodden.,,
,,
region:,,
Midt-Telemark:,,
Før 2020 er tall for grunnkretsene Andgard og Hjuksebø regnet med under 3817 Midt-Telemark. Fra 2020 tilhører grunnkretsene 3808 Notodden.,,
,,
region:,,
Stavanger:,,
Hele tidsserien er beregnet ut fra kommunegrensene i 2020. De tidligere kommunene Finnøy og Rennesøy er dermed medregnet før 2020. <br> Før 2020 er tall for grunnkrets Vestersjø regnet med under 1133 Hjelmeland. Fra 2020 tilhører grunnkretsen 1103 Stavanger.,,
,,
region:,,
Sandnes:,,
Før 2020 er tall for grunnkrets Kolabygda og deler av Sognesand og Forsand regnet med under 1108 Sandnes. Fra 2020 tilhører områdene 1130 Strand.,,
,,
region:,,
Strand:,,
Før 2020 er tall for grunnkrets Kolabygda og deler av Sognesand og Forsand regnet med under 1108 Sandnes. Fra 2020 tilhører områdene 1130 Strand.,,
,,
region:,,
Hjelmeland:,,
Hele tidsserien er beregnet ut fra kommunegrensene i 2020. De tidligere kommunene Finnøy og Rennesøy er dermed medregnet før 2020. <br> Før 2020 er tall for grunnkrets Vestersjø regnet med under 1133 Hjelmeland. Fra 2020 tilhører grunnkretsen 1103 Stavanger.,,
,,
region:,,
Kinn:,,
"Før 2020 er tall for grunnkretsene Totland, Bryggja og Maurstad regnet med under 4602 Kinn. Fra 2020 tilhører grunnkretsene 4649 Stad.",,
,,
region:,,
Ullensvang:,,
Før 2020 er tall for grunnkretsene Djønno og Tjoflot regnet med under 4618 Ullensvang. Fra 2020 tilhører grunnkretsene 4621 Voss.,,
,,
region:,,
Voss:,,
Før 2020 er tall for grunnkretsene Djønno og Tjoflot regnet med under 4618 Ullensvang. Fra 2020 tilhører grunnkretsene 4621 Voss.,,
,,
region:,,
Høyanger:,,
Før 2020 er tall for grunnkrets Nessane regnet med under 4640 Sogndal. Fra 2020 tilhører grunnkretsen 4638 Høyanger.,,
,,
region:,,
Sogndal:,,
Før 2020 er tall for grunnkrets Nessane regnet med under 4640 Sogndal. Fra 2020 tilhører grunnkretsen 4638 Høyanger.,,
,,
region:,,
Stad:,,
"Før 2020 er tall for grunnkretsene Totland, Bryggja og Maurstad regnet med under 4602 Kinn. Fra 2020 tilhører grunnkretsene 4649 Stad.",,
,,
region:,,
Ålesund:,,
Før 2020 er tall for grunnkrets Orten regnet med under 1507 Ålesund. Fra 2020 tilhører grunnkretsen 1547 Aukra.,,
,,
region:,,
Ørsta:,,
Før 2020 er tall for grunnkretsene Bjørke og Viddalen regnet med under 1520 Ørsta. Fra 2020 tilhører grunnkretsene 1577 Volda.,,
,,
region:,,
Aukra:,,
Før 2020 er tall for grunnkrets Orten regnet med under 1507 Ålesund. Fra 2020 tilhører grunnkretsen 1547 Aukra.,,
,,
region:,,
Volda:,,
Før 2020 er tall for grunnkretsene Bjørke og Viddalen regnet med under 1520 Ørsta. Fra 2020 tilhører grunnkretsene 1577 Volda.,,
,,
region:,,
Trondheim:,,
Hele tidsserien er beregnet ut fra kommunegrensene i 2020. Den tidligere kommunen Klæbu er dermed medregnet før 2020.,,
,,
region:,,
Steinkjer:,,
Før 2020 er tall for grunnkrets Verrabotn regnet med under 5006 Steinkjer. Fra 2020 tilhører grunnkretsen 5054 Indre Fosen.,,
,,
region:,,
Namsos:,,
Før 2020 er tall for grunnkrets Lund regnet med under 5060 Nærøysund. Fra 2020 tilhører grunnkretsen 5007 Namsos.,,
,,
region:,,
Indre Fosen:,,
Før 2020 er tall for grunnkrets Verrabotn regnet med under 5006 Steinkjer. Fra 2020 tilhører grunnkretsen 5054 Indre Fosen.,,
,,
region:,,
Heim:,,
"5012 Snillfjord ble 1.1.2020 delt mellom de nye kommunene 5055 Heim, 5056 Hitra og 5059 Orkland. Denne tabellen viser ikke historiske tall for disse nye kommunene. Tall for 5012 Snillfjord før 2020 finnes under valget 'Kommuner 2018-2019'.",,
,,
region:,,
Hitra:,,
"5012 Snillfjord ble 1.1.2020 delt mellom de nye kommunene 5055 Heim, 5056 Hitra og 5059 Orkland. Denne tabellen viser ikke historiske tall for disse nye kommunene. Tall for 5012 Snillfjord før 2020 finnes under valget 'Kommuner 2018-2019'.",,
,,
region:,,
Orkland:,,
"5012 Snillfjord ble 1.1.2020 delt mellom de nye kommunene 5055 Heim, 5056 Hitra og 5059 Orkland. Denne tabellen viser ikke historiske tall for disse nye kommunene. Tall for 5012 Snillfjord før 2020 finnes under valget 'Kommuner 2018-2019'.",,
,,
region:,,
Nærøysund:,,
Før 2020 er tall for grunnkrets Lund regnet med under 5060 Nærøysund. Fra 2020 tilhører grunnkretsen 5007 Namsos.,,
,,
region:,,
Narvik:,,
"1850 Tysfjord ble 1.1.2020 delt mellom de nye kommunene 1806 Narvik og 1875 Hamarøy. Denne tabellen viser ikke historiske tall for disse nye kommunene. Tall for 1850 Tysfjord, 1849 Hamarøy, 1854 Ballangen og 1805 Narvik før 2020 finnes under valget 'Kommuner 2018-2019'.",,
,,
region:,,
Hamarøy:,,
"1850 Tysfjord ble 1.1.2020 delt mellom de nye kommunene 1806 Narvik og 1875 Hamarøy. Denne tabellen viser ikke historiske tall for disse nye kommunene. Tall for 1850 Tysfjord, 1849 Hamarøy, 1854 Ballangen og 1805 Narvik før 2020 finnes under valget 'Kommuner 2018-2019'.",,
,,
region:,,
Delte kommuner og uoppgitt:,,
"Her inngår kommuner som er blitt splittet, og som derfor kan ikke summeres opp til en av de nåværende kommunene. Bruk knappen 'Velg verdier fra gruppe' om du ønsker å se tall for hver av de delte kommunene.",,
,,
,,
Sist endret:,,
Personer:,,
20230221 08:00,,
,,
Kilde:,,
Statistisk sentralbyrå,,
,,
Kontakt:,,
Personer:,,
"Tove Bergseteren, Statistisk sentralbyrå",,
 +47 99 79 08 19,,
tov@ssb.no,,
,,
"Magnus Haug, Statistisk sentralbyrå",,
 +47 40811491,,
mgh@ssb.no,,
,,
,,
,,
,,
Måleenhet:,,
Personer:,,
personer,,
Målemetode:,,
Personer:,,
Situasjon (tidspunkt),,
,,
Referansetid:,,
Personer,,
1.1.,,
,,
,,
,,
,,
,,
Offisiell statistikk,,
,,
Database:,,
Ekstern PRODUKSJON,,
,,
Intern referansekode:,,
Personer1,,