"columns","rows","columnnames","rownames","correlation_vec","reg_coeff","reg_const","stat_sig","sample_size"
317,730,"nettmøte1","skolvansk3",0.197794982172782,0.0754905793135797,1.25572668282387,0.00101752993412667,32382
141,355,"covid7","friluft2",-0.156054639844347,-0.115192888539646,2.47552979888516,0.00103621187148148,67480
465,451,"alkprob3","alknei6",0.233159645000308,0.198773448773449,0.808802308802313,0.00103698941897459,53959
755,378,"spilltid3_7","poldelt5",-0.2521664330248,-0.515822784810127,1.26582278481013,0.00104724296710643,35923
206,241,"energi1","rusholdn13",-0.18055380732409,-0.747119897596357,4.54487270658512,0.00105881657331065,32354
292,500,"framtid7","alkskaf2_10",-0.481812055829716,-1.85714285714286,4.85714285714286,0.00107028020300716,40261
567,354,"forhfor9","friluft1",-0.16925782962857,-0.131468146900617,3.54729416212688,0.00108182202817077,67825
476,751,"alkprob14","spilltid3_3",0.293036493733398,0.334065934065935,1.06593406593407,0.00110685315652483,141689
476,750,"alkprob14","spilltid3_2",0.292821972371346,0.373737373737375,1.08080808080808,0.00111664748198585,141689
534,654,"depr8_2010","piller2",-0.208489367247006,-0.821533923303838,3.976401179941,0.00113133744590186,117578
358,392,"friluft6","hatytring2",-0.231170475907815,-0.435868754660704,5.01416853094706,0.00114788892728478,40067
225,405,"alknei1","naken4",0.236012297355249,0.171138877509218,0.942339205243754,0.00121997231191341,25985
386,525,"samftil13","databruk7",-0.268768826376095,-0.22604658608821,3.10461858640839,0.0012199920156907,78324
361,395,"friluft9","hatytring6",-0.230876323231811,-0.479402985074629,5.08597014925373,0.00123635994725667,39802
534,653,"depr8_2010","piller1",-0.20658359431463,-0.712895927601813,3.87579185520362,0.00125872796546909,117789
553,593,"eat3","helsest3_4",-0.25356767527605,-0.5102424035507,3.07920792079208,0.00125966862455183,21578
319,279,"vennkont2","skulkgr2",0.394152827623625,3.36507936507938,-1.73015873015874,0.00127027653458242,76859
726,732,"skolint9","skolvansk5",-0.162358631405109,-0.179045959485949,3.08298845567413,0.0012749658414198,32444
227,504,"alknei2","alktype3",0.27032053640898,0.172346540751386,1.0769862451242,0.00128913313268034,54875
390,551,"alvor3","eat1",0.248350732424129,0.284857429971109,2.37988318050496,0.00129803018665014,35320
257,381,"skole9","samftil4",-0.303980955778004,-0.225994014536127,2.87618640444635,0.00131143463246418,49775
267,226,"skoletime5","alknei7",-0.534073355817009,-1.09259259259259,4.01851851851852,0.00136834278738849,30066
217,766,"energru6","søvnprob3",-0.541222460375786,-0.507537688442211,4.4824120603015,0.00138056798787216,53166
206,761,"energi1","søvnprob1",0.355916977091343,0.615073752273187,1.60598100626389,0.00138366617396338,53598
480,336,"alkprob18","spillprob6",-0.293360168619962,-0.62285287528006,2.46900672143391,0.0013935094920693,231373
689,390,"rusholdn8","alvor3",-0.221544688666698,-0.0892818241231575,1.58648609396558,0.00141092964869466,38510
503,229,"alktype2","alknei4",0.282422545797959,0.546224961479198,0.589368258859785,0.0014174141986794,57598
756,383,"spilltid3_8","samftil11",0.264126652043525,0.0880812313643324,-0.0103956805544366,0.00143470230434978,60671
732,645,"skolvansk5","narko3",-0.150626740502838,-1.65540540540542,5.96621621621625,0.00143887279398661,91973
160,394,"venner6","hatytring5",-0.163078269376774,-0.326266079155881,2.74883913928352,0.00146551733086952,40027
364,399,"atfpro5","skolehels7",-0.247873586937877,-0.148790746582544,1.3813529617946,0.00147139637804787,30292
683,208,"påviven9","enernei2",0.365393844013768,0.254732975416784,1.52684374116982,0.00147923120720053,50338
259,379,"skole11","samftil1",0.296852745286498,0.15914489311164,1.11757719714965,0.00148134282752322,66453
544,36,"doping4","seksual1",-0.24973482689211,-0.378294573643412,1.91162790697675,0.00150018932007664,219420
388,364,"alvor1","atfpro5",-0.230540002132207,-0.578390993959365,4.44522240527183,0.00150188703801685,364372
632,621,"mobbdig5","media2",-0.449770583722026,-0.35,6.3,0.00151489289802658,135440
454,209,"alko3","enernei3",-0.151106674908669,-0.411459341903384,6.84187359420849,0.00151590445937869,48967
683,258,"påviven9","skole10",0.622151418122941,0.447552447552447,1.0979020979021,0.00152526340105188,68260
379,474,"samftil1","alkprob12",0.229568071150935,0.536723163841809,1.29943502824859,0.00157462825417258,20172
359,142,"friluft7","covid8",-0.150500035835877,-0.197475516344414,3.74348800690457,0.00158452100425127,117899
208,676,"enernei2","påviven2",0.356171750972432,0.535190176699611,1.14255765199161,0.0015895436559215,40301
602,566,"idrlagnei7","forhfor8",-0.151826255701944,-0.117487081860213,2.56323089475118,0.00159130801435962,36262
545,730,"doping5_1","skolvansk3",0.195960080647373,0.0519628604007166,1.68366183417494,0.00159495604084352,32382
388,319,"alvor1","vennkont2",-0.24451301327599,-0.249161752803792,4.3125216788068,0.00160288893310132,27781
505,229,"alktype4","alknei4",0.280459402183777,0.515254237288135,0.56949152542373,0.00160495234907436,57598
746,378,"sosmedia2_7","poldelt5",-0.23980340010327,-0.503086419753083,1.25308641975308,0.00163453224039419,35923
461,208,"alkpress2","enernei2",0.238918942728016,0.106190829370446,0.997164172592821,0.00164921450523377,50338
675,728,"påviven1","skolvansk1",-0.366763251482028,-0.144294583600942,3.07193320488119,0.00165546284956024,32616
181,206,"trygg1","energi1",0.216764337148181,0.0658183413777973,0.993198771390962,0.00166168372871162,109088
770,390,"søvnprob8","alvor3",-0.303233326476422,-0.279958318860716,3.45814518930184,0.00166425261967881,38510
199,286,"måltid12","skolprob5",-0.166023787652774,-0.257817329905965,5.62920964435626,0.00169579138658036,204618
262,284,"karforn1","frafall1_1",0.277831884464977,0.226203067160233,1.54217345319937,0.00170656867201873,31773
311,268,"skjermprob4","skoleangst1",-0.150634065274353,-0.0686123700956828,1.73087030169849,0.00171225328638537,21879
388,708,"alvor1","skjermtid2_4",-0.348843509342522,-0.866883116883119,4.54545454545454,0.00174737529933393,116721
228,466,"alknei3","alkprob4",0.222709415031707,0.226361031518625,1.18448313863787,0.00175181259126281,26704
375,305,"poldelt1","kultår7",-0.280426359508272,-0.113026819923371,2.06896551724138,0.00175672696605985,40804
316,571,"nettkont3","forhfor13",-0.153590954929331,-0.15409723559,2.12814375266774,0.00176806717482777,45088
574,632,"framtid2","mobbdig5",-0.16400245761824,-0.222570975690141,3.174845807373,0.00179583378482648,183914
210,769,"enernei4","søvnprob6",0.466526589621138,0.705882352941177,0.647058823529411,0.00184415324956557,53016
389,522,"alvor2","databruk3",0.231189733684979,0.176539909241215,3.11874274457383,0.00184737130439417,78512
389,708,"alvor2","skjermtid2_4",-0.348818677600582,-0.854545454545455,4.36363636363636,0.00187668788077041,116721
378,526,"poldelt5","databruk13",-0.23912624931463,-0.107142857142857,2.07142857142858,0.00191707409876711,70746
264,280,"skoletime2","skulkgr3",0.3721868371126,0.253299276287782,1.40144742443593,0.00192614997927954,78424
305,376,"kultår7","poldelt2",-0.278026922370546,-1.00124223602483,3.71552795031054,0.00193085944950751,44531
269,218,"skoleangst2","alko2",0.198762492604323,0.279052369077307,1.88229426433915,0.00193144888390363,382455
766,206,"søvnprob3","energi1",0.349887848156621,0.190979458172075,1.09839237868413,0.00194660591886027,109088
451,472,"alknei6","alkprob10",0.222239903149423,0.277220077220078,1.02548262548262,0.00194715784798535,26640
487,290,"alkskaf1_7","framtid6",-0.205021751330341,-0.0605425400739828,0.214130702836005,0.00199416614287173,22278
318,236,"vennkont1","alkomg4",-0.194493147000209,-0.184240843661776,3.1696312144729,0.00200595139257996,41590
287,755,"skolprob2","spilltid3_7",0.284900832995434,0.41139240506329,1.08860759493671,0.00202824192857934,141689
766,210,"søvnprob3","enernei4",0.462006653712936,0.3875,0.795833333333333,0.00206924313535758,50218
215,340,"energru3","spillvikt3",-0.155625520130286,-0.151922256747701,3.1849448607811,0.00208175889494603,29484
704,504,"sextrak7","alktype3",0.245069895427258,0.168005139736588,0.933825891423066,0.00211630522488664,54875
327,389,"spilltid2_5","alvor2",-0.251477823429403,-0.112921475446934,0.849966055668704,0.00212266067026808,38746
569,731,"forhfor11","skolvansk4",-0.28120494857669,-0.196584938704028,2.89876435104106,0.00213155530886396,32396
262,762,"karforn1","søvnprob10",0.477065023256333,0.294117647058824,1.18099547511312,0.00213527140906966,34694
375,215,"poldelt1","energru3",0.338270798119365,0.129251700680273,1.4421768707483,0.00214789283668209,53888
268,333,"skoleangst1","spillprob3",-0.211761724861244,-0.563936781609196,3.0014367816092,0.00224620521009919,232946
287,754,"skolprob2","spilltid3_6",0.282089681624992,0.417590539541759,1.09756097560975,0.00225579886619047,141689
765,210,"søvnprob2","enernei4",0.458431164779761,0.5625,1.02083333333333,0.00226412221764214,50218
764,390,"søvnprob12","alvor3",-0.294820025461356,-0.168461271274748,1.99652657172629,0.00226562932932707,38510
338,207,"spillvikt1","enernei1",-0.161246263688803,-0.22732558139535,3.07046511627906,0.002480804001954,51271
618,521,"mat11","databruk2",-0.164975784385025,-0.190130184680592,3.68452921586434,0.00256681053869521,80911
352,402,"someprob5","helsest1",-0.153287230327382,-0.0629006244572182,1.98993700288104,0.00259677798826908,112642
302,240,"kultmnd2","rusholdn12",0.233608386533047,0.188557213930349,0.856218905472637,0.00260789739126077,32698
755,375,"spilltid3_7","poldelt1",-0.232585555424947,-0.258223684210526,0.726973684210526,0.00264499221894762,44662
566,728,"forhfor8","skolvansk1",-0.274237070398065,-0.194427089841309,2.70311133325003,0.00265494608566194,32616
569,730,"forhfor11","skolvansk3",-0.275226456970575,-0.194276361472076,2.89872036504315,0.00267075396546162,32382
674,475,"påvifor9","alkprob13",0.348818857550635,0.385256691531375,1.35278630978499,0.00267372552584729,41047
553,389,"eat3","alvor2",0.233497218529885,0.207694377185903,2.31172092189041,0.00278639957448031,38746
208,185,"enernei2","søvn1",-0.170981986322991,-0.195136056492361,3.05582273086991,0.00282668682557419,86335
217,768,"energru6","søvnprob5",-0.496377119401711,-0.373511904761905,4.26190476190476,0.00282808394575842,53130
366,399,"atfpro23","skolehels7",-0.233696806176604,-0.107027318475916,1.28657440690151,0.00284877064267354,30292
451,469,"alknei6","alkprob7",0.2151501784932,0.286995515695068,1.02421524663677,0.00287250992779747,34448
183,206,"trygg3","energi1",0.20662100374217,0.0869300751084316,1.34073838992912,0.00288488097209003,109088
464,227,"alkprob2","alknei2",0.204380905612426,0.25097370983447,0.824975657254136,0.00292457980263082,61126
205,292,"skolemat4","framtid7",-0.278523520080409,-0.40992448759439,5.11866235167207,0.00294304818527939,196829
377,461,"poldelt4","alkpress2",-0.322503719928826,-0.144011976047904,2.1188622754491,0.00294449490873061,56285
228,321,"alknei3","vennkont4",0.195983389063749,0.0775180127979038,1.16692699148486,0.00302391288373064,27616
200,598,"måltid13","idrlagnei3",-0.157271180599301,-0.355369683964106,3.12653628560281,0.00304818986044217,26624
318,316,"vennkont1","nettkont3",0.254095386614516,0.316618429023357,2.23578111327993,0.00305059257858954,90853
732,566,"skolvansk5","forhfor8",-0.270982013086658,-0.281486463763242,5.00773499243317,0.00312518881754154,36262
480,750,"alkprob18","spilltid3_2",0.266122829071947,0.45959595959596,1.22222222222223,0.0031740234732346,141689
699,455,"sextrak2","alko4",0.232542693694648,0.0885648503453567,1.1424405218726,0.00318122256037458,30359
569,728,"forhfor11","skolvansk1",-0.270388441700788,-0.175750693918748,2.62515770880646,0.00319400140599313,32616
336,476,"spillprob6","alkprob14",-0.2713725084428,-0.17060212514758,2.08500590318772,0.00321265497586993,40984
699,502,"sextrak2","alktype1",0.234336218204243,0.129323811649186,1.1490738674403,0.00323549425814831,55637
307,377,"kultår9","poldelt4",-0.266603793990715,-0.591591591591599,2.48048048048049,0.00324631720971672,44466
201,478,"måltid6","alkprob16",-0.150374816619588,-0.141063976604348,3.34344297308842,0.00325781168137517,40880
268,331,"skoleangst1","spillprob1",-0.203089174032617,-0.5,2.875,0.0032603161122891,235227
476,329,"alkprob14","spilltid2_7",0.263895427830636,0.304041527623286,1.0752688172043,0.00331335957271269,147458
527,252,"depr1_2010","narko1",-0.18714054920537,-0.488224211022141,3.21172868582195,0.00341037029233097,146560
467,229,"alkprob5","alknei4",0.218089305093288,0.254016445287793,0.79304237824162,0.00345053823452953,57598
280,536,"skulkgr3","depr9",0.22482813918344,0.276473194505982,1.15152857775808,0.00348809771973524,22489
641,290,"måltid9","framtid6",0.35163711850863,0.411619891678976,3.35499753815854,0.003523818945403,22278
480,771,"alkprob18","tenner1",0.232234167181095,0.149969824984913,0.901327700663845,0.0035311162377721,190966
361,393,"friluft9","hatytring4",-0.20878730855275,-0.39015963783655,4.97867524422206,0.00356936176085169,40020
480,330,"alkprob18","spilltid2_8",0.261617202404864,0.544973544973546,1.24074074074074,0.00360524950436033,147458
378,200,"poldelt5","måltid13",-0.209611761869807,-0.0311110350961208,2.02769036053909,0.00361108280070687,33478
362,392,"friluft10","hatytring2",-0.207403024636505,-0.412751677852353,5.1006711409396,0.00362230647301527,40067
267,346,"skoletime5","sosvikt2",0.198947350402673,0.149456116823126,2.26348532260468,0.00362907308423963,217983
677,208,"påviven3","enernei2",0.329406099569814,0.215413184772516,1.82544103992572,0.00366471579202382,50338
390,451,"alvor3","alknei6",-0.459537501921733,-1.27969348659004,5.00383141762452,0.00370270398085283,53959
388,650,"alvor1","nærmiljø1",-0.199777512782821,-0.186387612727583,4.30277352390675,0.00373018185001071,182763
731,680,"skolvansk4","påviven6",0.343818605323795,0.637238493723849,1.78577405857741,0.00382142504922375,39648
264,226,"skoletime2","alknei7",0.489583333333333,0.870370370370371,0.759259259259259,0.00383105286799412,30066
532,252,"depr6_2010","narko1",-0.184849073016404,-0.5104804521903,3.34656146961847,0.00383267909049771,146560
479,674,"alkprob17","påvifor9",0.334306211720102,0.357590529247911,0.708565459610029,0.00384408653364324,53096
392,360,"hatytring2","friluft8",-0.20635700845369,-0.102130786186627,1.60139603232917,0.00389203570523385,58259
161,466,"venner5","alkprob4",-0.152295022821549,-0.121693217366147,2.32054318933875,0.00392308614486121,26704
655,534,"piller3","depr8_2010",-0.185511689386338,-0.0423803502318269,1.18178334674484,0.00400296634904391,37375
284,197,"frafall1_1","fysselvb1",-0.19398855639953,-0.278337362342198,1.9783105022831,0.00412522598852117,30180
263,245,"skoletime1","ruskjør3",-0.171524152483502,-1.02919708029199,4.02919708029201,0.00412709813471206,225375
204,695,"skolemat3","seksuori3",0.210743993761714,0.365482233502537,1.6751269035533,0.00418871067498701,28068
393,360,"hatytring4","friluft8",-0.204791291185921,-0.104153827190928,1.58511031677554,0.00427783990096852,58259
264,225,"skoletime2","alknei1",0.484375,0.775,0.825,0.00428429910091123,59653
225,470,"alknei1","alkprob8",0.200317661980119,0.173574242164754,1.12065422161328,0.00435493748433456,26644
257,379,"skole9","samftil1",-0.267486479843606,-0.221100554235946,2.7763262074426,0.00435545625142315,66453
334,476,"spillprob4","alkprob14",-0.261278115941555,-0.184210526315789,2.06725146198831,0.00443539336863069,40984
217,761,"energru6","søvnprob1",-0.475191778581796,-0.361766945925362,4.18659558263518,0.00451117127444037,53598
181,243,"trygg1","ruskjør1",-0.210664244444818,-0.126989456718824,1.60539923443691,0.00453128760497244,224097
648,526,"narko9","databruk13",0.272278025130711,0.0270977387404223,0.974397308914223,0.00455116702325343,70746
157,213,"oppdragelse4","energru1",0.367251605991805,0.212918660287081,0.772727272727273,0.00457042793877486,54676
206,154,"energi1","oppdragelse1",0.309834905109118,0.773302646720368,2.3849252013809,0.00461618003666076,31249
534,219,"depr8_2010","rusfarl1",-0.179667789525106,-0.243832223077695,3.45934455863154,0.00470355722842296,130073
755,376,"spilltid3_7","poldelt2",-0.218032536067697,-0.47529200359389,1.18957771787961,0.00477314340678671,44531
475,756,"alkprob13","spilltid3_8",0.254772190045302,0.440353881278539,1.2054794520548,0.00480091621331573,141689
229,504,"alknei4","alktype3",0.252288104401101,0.167920094007051,1.31821386603995,0.00487576223915806,54875
655,290,"piller3","framtid6",-0.187397183810724,-0.0311115585984691,1.09398912605718,0.00489314984193784,22278
474,601,"alkprob12","idrlagnei6",-0.224116064931743,-0.281063122923588,2.05116279069767,0.00491481556233181,26234
399,252,"skolehels7","narko1",-0.221038581152257,-0.284222571878128,2.2563295665856,0.00497190541372408,146560
288,217,"skolprob3","energru6",-0.160606121387542,-0.0859544150428222,1.42596444074702,0.00500096766256923,53537
480,751,"alkprob18","spilltid3_3",0.253610319429533,0.391208791208791,1.20879120879121,0.00500366939513256,141689
504,228,"alktype3","alknei3",0.243056825619297,0.35751541014699,0.72356567093409,0.0051527388824175,59501
159,284,"venner1","frafall1_1",0.249685574017198,0.397435897435897,1.96153846153846,0.00516337883935915,31773
319,390,"vennkont2","alvor3",-0.217409076963592,-0.202832918207663,2.44199562231111,0.00516709237194606,38510
362,393,"friluft10","hatytring4",-0.199746781335533,-0.386966824644549,5.05971563981042,0.00523238786769451,40020
556,595,"eat7","helsest3_6",-0.219756930839476,-0.597037037037039,3.23703703703704,0.00523589934311295,21578
334,480,"spillprob4","alkprob18",-0.25654400868307,-0.135454247294195,2.02951787471302,0.00523766140636081,40841
323,479,"spilltid2_1","alkprob17",0.251198447489391,0.179594186213844,0.162325514462512,0.00525598379462598,40883
543,594,"doping3_5","helsest3_5",-0.173456168384728,-0.373369320737741,0.817813765182186,0.00538849766541019,21557
290,654,"framtid6","piller2",-0.18525721491088,-1.11963470319633,3.43926940639266,0.00541450735096463,117578
208,502,"enernei2","alktype1",0.214414333967816,0.348951911220715,2.27065351418002,0.00553719963734072,55637
675,208,"påviven1","enernei2",0.317151574493456,0.154054054054054,2.29081081081081,0.00556373182763778,50338
611,568,"kultmnd3","forhfor10",-0.286446202274103,-0.359154929577464,2.59154929577465,0.0056368769694053,36007
640,380,"måltid8","samftil3",-0.195515890339412,-0.221125546273449,4.39105746648037,0.00564921816060451,65869
243,734,"ruskjør1","skolvansk7",0.211849756074762,0.11968085106383,3.34840425531914,0.00569117976584728,32349
480,324,"alkprob18","spilltid2_2",0.248923258588746,0.632251720747296,1.2566371681416,0.00569572422135971,147458
208,471,"enernei2","alkprob9",-0.158371240632785,-0.79973027646663,4.29939312204988,0.00573053529262153,26639
734,179,"skolvansk7","mestr4",0.261656849154782,0.326073030108904,3.27533632286995,0.0057587816698923,203401
534,252,"depr8_2010","narko1",-0.176943354807589,-0.430700094607379,3.58727530747397,0.00577742320766599,146560
405,207,"naken4","enernei1",0.243446119973153,0.141640042598509,1.20660276890309,0.00581573476148035,51271
522,376,"databruk3","poldelt2",-0.211716031208851,-1.37267080745341,5.94409937888198,0.00586981406504099,44531
493,375,"alkskaf2_3","poldelt1",0.301623077523818,0.230473751600513,1.49679897567222,0.00589022873466688,44662
360,394,"friluft8","hatytring5",-0.196655138209131,-0.246723207401697,4.84117193523515,0.00599094237205798,40027
208,505,"enernei2","alktype4",0.211729124442454,0.338435572110348,2.28064253288325,0.00601789496113769,55366
574,205,"framtid2","skolemat4",-0.337168748700389,-0.385964912280701,3.71390013495277,0.0060231312178323,37395
382,756,"samftil10","spilltid3_8",0.227788477459594,0.758333333333335,2.325,0.00603575136601162,141689
563,729,"forhfor5","skolvansk2",-0.251313735667054,-0.131078121197372,1.94709174981747,0.00604911057604205,23262
176,733,"mestr1","skolvansk6",0.257870864244749,0.16033376123235,2.51399229781772,0.00605071562741387,32422
338,209,"spillvikt1","enernei3",-0.150977376960765,-0.145002372340361,3.10648419158653,0.00615142476925788,48967
651,388,"nærmiljø3","alvor1",-0.189353419602573,-0.138406537282942,2.19497917812525,0.00615772089358402,38859
316,568,"nettkont3","forhfor10",0.202143722262411,0.178834808259587,1.07005899705015,0.00620799898493055,36007
554,592,"eat4","helsest3_3",-0.21522033327339,-0.719540229885058,2.98620689655172,0.00627402831322397,21578
393,357,"hatytring4","friluft5",-0.194954877146517,-0.0881270579120667,1.48498934727872,0.00644873889499671,58519
229,455,"alknei4","alko4",0.235442749368664,0.0994094488188981,1.36909448818898,0.00657539374976909,30359
288,493,"skolprob3","alkskaf2_3",-0.174096678653255,-0.281715306730198,1.67301965455628,0.00662655026236916,40513
202,290,"skolemat1","framtid6",0.252880257985769,0.266688616347025,3.81866820314429,0.0066368883847482,22278
622,115,"media3","skjermtid1",0.390507711468395,0.362835959221501,2.10240963855422,0.00665212672873067,610998
355,395,"friluft2","hatytring6",-0.193892346978141,-0.524197412553904,3.86224245328222,0.00675044043000468,39802
292,640,"framtid7","måltid8",-0.327771678446631,-0.106588334032732,1.53462022660512,0.00677559642100805,69481
369,217,"doping13","energru6",-0.218557095262343,-0.23890784982935,2.35539788036644,0.00682852393547337,53537
529,653,"depr3_2010","piller1",-0.174182625195081,-0.65909090909091,3.66818181818182,0.00682947596886067,117789
251,281,"hasjholdn1","skulktim1",0.19906345681983,0.17371786151544,1.78574343626718,0.00690233844992522,38312
534,222,"depr8_2010","rusfarl3",-0.172244511858193,-0.179935535858179,3.47953263497179,0.0069985106407347,129609
322,236,"vennkont5","alkomg4",-0.169972848629975,-0.198382053197281,3.62201065971211,0.00706707754306712,41590
525,692,"databruk7","samftil12",-0.225910108403234,-0.286199974096619,3.18980701981609,0.00706915779524512,43335
390,650,"alvor3","nærmiljø1",-0.186114640229221,-0.192894465512119,3.3942820194677,0.00711175684068023,182763
552,593,"eat2","helsest3_4",-0.212221018260389,-0.420536635706915,3.24509803921569,0.00724100967784702,21578
212,249,"enernei6","hasjpress2",-0.152291359526182,-1.30065359477125,4.93464052287585,0.00732165640023749,52047
375,500,"poldelt1","alkskaf2_10",0.297670278893794,0.886075949367091,0.113924050632907,0.00732663558931121,40261
771,493,"tenner1","alkskaf2_3",-0.171189846784887,-0.496242549883388,2.43741902047162,0.00735885590791471,40513
462,225,"alkpress3","alknei1",0.231527388560646,0.227272727272727,0.840909090909092,0.00755934275942078,59653
704,593,"sextrak7","helsest3_4",0.328394788714593,0.269607843137255,1.08333333333333,0.00756842398880529,21578
653,692,"piller1","samftil12",0.273777482143323,0.0428309198449928,0.910870895370182,0.00758342825792565,43335
287,750,"skolprob2","spilltid3_2",0.24763917911466,0.563811188811188,1.16346153846154,0.0076231740866786,141689
317,322,"nettmøte1","vennkont5",0.230386294471841,0.0940053393738368,1.29301836421002,0.00763377990239063,27678
210,185,"enernei4","søvn1",-0.153436401818325,-0.119659327130719,1.8924700801227,0.00765874310549417,86335
593,557,"helsest3_4","eat8",-0.211403819412195,-0.111921905958537,0.744647948581646,0.00766660411465068,34831
405,230,"naken4","alknei5",0.195747067071594,0.23870166174872,1.09706476160894,0.00774567603344082,59396
215,394,"energru3","hatytring5",-0.173202888224304,-0.274856385329208,3.07954043305347,0.00805717351948292,40027
375,499,"poldelt1","alkskaf2_9",0.290713184497911,0.302777777777779,1.29722222222222,0.0080588763902745,40374
680,611,"påviven6","kultmnd3",-0.274382825649434,-0.184486620299423,2.70729694683485,0.0081255457861326,20765
396,358,"hatytring7","friluft6",-0.188996619092073,-0.140749545518109,1.8205146133408,0.0081421634803201,58398
229,463,"alknei4","alkprob1",0.194970244170461,0.167788802267895,1.32016300496102,0.0081722985442543,34582
154,217,"oppdragelse1","energru6",-0.340884586302196,-0.262219666474986,2.51351351351351,0.00824168875936832,53537
253,399,"narko11","skolehels7",-0.208854309697228,-0.103082012885252,1.24934703116838,0.00824241539131266,30292
475,683,"alkprob13","påviven9",0.324882841852417,0.314744801512287,0.626654064272212,0.0082780848173354,39877
477,334,"alkprob15","spillprob4",-0.244048814644882,-0.305000000000001,1.68,0.00828899715638629,230328
320,315,"vennkont3","nettkont2",-0.230291161217624,-0.403331030777496,4.51945659682247,0.00839166967238719,91953
267,337,"skoletime5","spillprob7",0.212347855889148,0.43089430894309,1.90243902439024,0.00840924833035737,45182
524,386,"databruk6","samftil13",-0.221885524953651,-0.175494350282486,4.79625706214688,0.00841931038751917,44650
267,336,"skoletime5","spillprob6",0.211423443085385,0.724137931034486,1.27586206896551,0.00848481245437404,231373
183,244,"trygg3","ruskjør2",-0.19700871828177,-0.221848892117692,2.25971667272068,0.00858205011126974,223757
461,230,"alkpress2","alknei5",0.228695022735858,0.237199582027168,0.889237199582026,0.0086049551598262,59396
362,237,"friluft10","rusholdn11",0.205078921862282,0.304444444444449,4.25111111111112,0.00863706965796948,33768
315,388,"nettkont2","alvor1",-0.153685527917958,-0.12961044528194,2.5921999749942,0.00863913433946299,38859
324,477,"spilltid2_2","alkprob15",0.23775759257657,0.137370753323486,-0.0871491875923196,0.00864064636152144,40914
584,770,"fritid18","søvnprob8",0.251239537790712,0.121671525753159,0.896145124716553,0.00872139030837882,34799
396,212,"hatytring7","enernei6",-0.172209728040875,-0.0656934306569344,1.31247827598193,0.00872139902429484,47389
498,771,"alkskaf2_8","tenner1",-0.168196998436881,-0.087383728547099,1.95840429713087,0.0087495555940356,190966
388,318,"alvor1","vennkont1",-0.203487363387533,-0.195127304653205,4.41154521510096,0.00875547450416053,27785
306,375,"kultår8","poldelt1",-0.236279367847231,-0.33893557422969,1.86834733893558,0.00878954468559816,44662
680,476,"påviven6","alkprob14",0.319870888119619,0.414322250639386,1.71099744245524,0.00884031671790473,40984
531,654,"depr5_2010","piller2",-0.169312382483501,-0.702541106128554,3.73841554559044,0.00886557158577693,117578
381,641,"samftil4","måltid9",-0.187218997364081,-0.24884907926341,3.60338270616493,0.00894992319415397,69327
475,330,"alkprob13","spilltid2_8",0.235611470594625,0.623015873015874,1.30555555555556,0.00898798885702868,147458
306,290,"kultår8","framtid6",-0.219034139733167,-0.0601217656012185,1.19558599695587,0.00906743687577882,22278
376,200,"poldelt2","måltid13",-0.187636566054685,-0.0278519778817521,2.02113143343257,0.00915582713610136,33478
295,258,"fritid4","skole10",0.219390173222919,0.12810078599699,0.91549138747979,0.00920363651831559,68260
316,353,"nettkont3","someprob6",-0.226638464688462,-0.405392156862746,2.38578431372549,0.00923854172248199,47036
294,641,"fritid3","måltid9",-0.248018837629213,-0.14393115942029,1.94429347826087,0.00931417912162619,69327
747,384,"sosmedia2_8","samftil6",0.216658379226662,0.0482225148123767,0.00246872942725446,0.00934779001627321,49787
216,184,"energru4","trygg4",-0.2284633312816,-0.303581914268937,3.91603053435115,0.0094918755981103,49903
288,499,"skolprob3","alkskaf2_9",-0.166766709048386,-0.209021296960995,1.51854510648481,0.00949649699046063,40374
319,317,"vennkont2","nettmøte1",0.223169329529957,0.469047619047621,0.930952380952377,0.0095435296755483,93891
390,279,"alvor3","skulkgr2",-0.233692675356962,-0.688053097345131,4.27212389380532,0.00958024417577619,76859
593,551,"helsest3_4","eat1",-0.204784864681472,-0.0924614305750351,0.610869565217391,0.00961527888363337,35320
590,541,"helsest3_1","doping3_3",-0.161518641501309,-0.379781420765028,0.463114754098361,0.00963472288814519,62492
756,375,"spilltid3_8","poldelt1",-0.200896753161304,-0.175986842105262,0.457236842105262,0.00967085256485267,44662
378,754,"poldelt5","spilltid3_6",-0.200151302413979,-0.0910728910728914,1.98198198198199,0.00972379569039719,141689
157,217,"oppdragelse4","energru6",-0.336706437016583,-0.0977218225419665,1.36510791366906,0.00975483311564352,53537
533,647,"depr7_2010","narko8",-0.163841299197924,-0.363733009340118,3.52190751006151,0.0100507072318925,93103
354,395,"friluft1","hatytring6",-0.1832446951095,-0.481042654028437,4.36137440758293,0.0101457420844706,39802
376,750,"poldelt2","spilltid3_2",-0.198834348203886,-0.167948717948718,1.96794871794872,0.0102246299133386,141689
674,476,"påvifor9","alkprob14",0.298772852734691,0.405648267008987,1.38254172015404,0.0102407512387699,40984
570,728,"forhfor12","skolvansk1",-0.23522782406634,-0.104622871046229,1.67681141490371,0.0103440011700963,32616
574,640,"framtid2","måltid8",-0.311153550130143,-0.205308434746119,2.76993285774234,0.0103791437579787,69481
699,503,"sextrak2","alktype2",0.203932307471215,0.116889201218084,1.14780979152026,0.0104123596576429,55507
385,322,"samftil9","vennkont5",0.453295788850346,0.445846477392219,1.87697160883281,0.0104378906438788,27678
557,382,"eat8","samftil10",-0.1553120275651,-0.106627747252748,3.83808379120879,0.0104522802284851,60785
216,183,"energru4","trygg3",-0.225422914249513,-0.227215136413548,3.88022637047048,0.0105164518212694,49919
478,334,"alkprob16","spillprob4",-0.236418402307086,-0.60427807486631,2.66310160427807,0.0106170144507397,230328
378,493,"poldelt5","alkskaf2_3",0.280701754385966,0.280701754385965,1.3859649122807,0.0106365179499853,40513
259,381,"skole11","samftil4",0.243645577394503,0.118939717828132,1.1612654980761,0.0106798174780289,49775
227,461,"alknei2","alkpress2",0.217405423027024,0.205110809588423,1.05223880597015,0.0107122100074873,56285
504,375,"alktype3","poldelt1",-0.281785808632145,-0.983098591549294,3.78309859154929,0.0108180081854414,44662
740,198,"sosmedia2_1","fysselvb2",0.193330507630513,0.081015662078785,-0.0957285239677263,0.0108180594270805,42364
208,462,"enernei2","alkpress3",0.194885064074819,0.484180249280921,2.1457334611697,0.0108743836567258,56268
267,338,"skoletime5","spillvikt1",0.204480876076999,0.138574470469573,2.29160596212036,0.0109652663819342,30176
680,729,"påviven6","skolvansk2",0.304442821763117,0.178787878787879,1.76060606060606,0.0109786471895749,23262
676,211,"påviven2","enernei5",0.292117814139195,0.21671826625387,1.7172342621259,0.0109888238648965,49384
667,258,"påvifor2","skole10",0.499630040644868,0.332840236686391,1.09467455621302,0.0109909673277565,68260
747,382,"sosmedia2_8","samftil10",0.211304838501668,0.0499769479022592,-0.0266789611187954,0.0110115265598759,60785
521,383,"databruk2","samftil11",-0.214271412678653,-0.225960556939283,3.604221959087,0.011016942981688,60671
762,361,"søvnprob10","friluft9",0.253063168536407,0.377472821243986,0.697201924790587,0.0110754832272875,58222
753,383,"spilltid3_5","samftil11",0.211662845957443,0.09553549842856,0.261826093964057,0.0111575421424194,60671
229,502,"alknei4","alktype1",0.225706085026573,0.113680781758957,1.36429967426711,0.0113781215879735,55637
314,786,"nettkont1","venner3",-0.180515153798163,-0.229612595082257,3.36785777463294,0.0117767892074913,42873
593,384,"helsest3_4","samftil6",0.264135788194987,0.107883817427386,0.101659751037344,0.0118819148048704,49787
504,210,"alktype3","enernei4",-0.198166855437429,-0.0829839273235496,1.29524807826694,0.0120068353500725,50218
682,728,"påviven8","skolvansk1",-0.30053851801835,-0.12477497749775,2.9251800180018,0.0121021055190455,32616
595,780,"helsest3_6","ucla1",-0.15056041104107,-0.0573351786612985,0.347634625062909,0.012113848018092,125812
451,461,"alknei6","alkpress2",0.218600360999763,0.209231490159326,1.09559512652296,0.0121268549638065,56285
747,476,"sosmedia2_8","alkprob14",0.20089641767807,0.182012847965739,0.0513918629550315,0.0121932052988068,40984
378,366,"poldelt5","atfpro23",-0.245990908253398,-0.0889797507788165,2.04088785046729,0.0122562164344645,224812
733,678,"skolvansk6","påviven4",0.302079394137385,0.39462063428342,3.23364110798876,0.0122931646101154,39857
159,266,"venner1","skoletime4",0.374240838532966,0.507978723404256,1.27659574468085,0.0123266851623564,33040
756,288,"spilltid3_8","skolprob3",0.232666341825145,0.12999694842844,0.0341776014647551,0.0123406196090934,155636
593,693,"helsest3_4","seksual6",0.301511344577764,0.772727272727274,-0.545454545454546,0.0124658556156276,72921
322,383,"vennkont5","samftil11",0.436339969068027,0.440826873385013,2.2077519379845,0.0125368345254805,60671
212,683,"enernei6","påviven9",0.294868556790836,0.395633971291866,2.45992822966507,0.0125504611875962,39877
653,528,"piller1","depr2_2010",-0.160412402774087,-0.043884268000204,1.21443758398395,0.0128370417288,37537
704,503,"sextrak7","alktype2",0.198083078917247,0.0841531974701339,1.00070274068869,0.0128886082276369,55507
769,206,"søvnprob6","energi1",0.282123167334774,0.123181443864947,1.06786988745539,0.0129242905230043,109088
158,217,"oppdragelse5","energru6",-0.323924023294693,-0.0593525179856116,1.22482014388489,0.0131195142896571,53537
223,362,"rusfarl4","friluft10",-0.243618796871291,-0.196711685261304,2.26893716970053,0.0131467686218782,33860
495,732,"alkskaf2_5","skolvansk5",0.447249085825821,0.0817031070195627,1.60989643268124,0.0132110607492325,32444
499,732,"alkskaf2_9","skolvansk5",0.447249085825821,0.0817031070195627,1.60989643268124,0.0132110607492325,32444
732,495,"skolvansk5","alkskaf2_5",0.447249085825821,2.44827586206896,-0.448275862068962,0.0132110607492326,40653
732,499,"skolvansk5","alkskaf2_9",0.447249085825821,2.44827586206896,-0.448275862068962,0.0132110607492326,40374
474,596,"alkprob12","idrlagnei1",-0.195518650400819,-0.150869117557992,1.58651807885652,0.0132229627563646,26938
361,340,"friluft9","spillvikt3",0.454481417305482,0.457975986277873,3.147512864494,0.0132561863206383,29484
301,567,"kultmnd1","forhfor9",0.251696951187941,0.191080829978321,1.32703623412821,0.0133693716146356,36193
478,682,"alkprob16","påviven8",-0.307701312078313,-0.52210175145955,2.90992493744787,0.0133825022596155,36765
386,520,"samftil13","databruk1",-0.207486499410364,-0.163423780379949,3.07025860544098,0.0135581278983832,81366
227,267,"alknei2","skoletime5",-0.425062896612603,-0.154867256637168,1.51327433628319,0.0136684505753074,33057
208,240,"enernei2","rusholdn12",0.228187360904772,0.975471698113206,1.44905660377359,0.0137537132203802,32698
334,268,"spillprob4","skoleangst1",-0.172615750433223,-0.0624643172263456,1.98022525561842,0.01378862639022,21879
769,214,"søvnprob6","energru2",-0.424391956726481,-0.3125,2.31818181818182,0.0138336784271432,53955
258,675,"skole10","påviven1",0.495260556543649,1,-3.05311331771918e-15,0.0138646673211037,37431
384,260,"samftil6","skole12",-0.236045481993809,-0.342105263157895,2.97368421052631,0.0139180698422812,67613
253,401,"narko11","skolehels8",-0.194343807564886,-0.177611940298507,1.37761194029851,0.0141003092544894,30229
679,258,"påviven5","skole10",0.504272905659299,0.27972027972028,1.81118881118881,0.0141408327033241,68260
266,340,"skoletime4","spillvikt3",0.20254743930449,0.113181019332162,1.66818980667838,0.0142134767343586,29484
568,303,"forhfor10","kultmnd5",-0.253386310817866,-0.245315161839864,2.73083475298126,0.0142596229690631,65366
335,268,"spillprob5","skoleangst1",-0.170552031612096,-0.0700659745307628,1.94261750115072,0.0144875486316554,21879
199,262,"måltid12","karforn1",-0.171266292734048,-0.296712577962577,5.66839916839917,0.014558483540631,181116
212,388,"enernei6","alvor1",0.536745040121693,0.392857142857143,1.92857142857143,0.0146846608448134,38859
207,769,"enernei1","søvnprob6",0.373945835197525,0.567567567567568,0.756756756756756,0.0147058524076688,53016
328,389,"spilltid2_6","alvor2",-0.200574969958455,-0.0905182167911299,0.831636116768501,0.0148552366961636,38746
184,225,"trygg4","alknei1",-0.522708373489317,-0.555555555555555,2.11111111111111,0.0150515976931697,59653
268,352,"skoleangst1","someprob5",-0.171679978770307,-0.485880398671099,2.87873754152824,0.0150664241873389,46956
244,181,"ruskjør2","trygg1",-0.1819216141293,-0.261927034611788,4.11599625818524,0.0150841298790529,50124
288,755,"skolprob3","spilltid3_7",0.22606420578182,0.343178621659634,1.10126582278481,0.0151271116513099,141689
377,212,"poldelt4","enernei6",0.263138061081679,0.0846286701208986,1.61139896373057,0.0155911796773218,47389
361,397,"friluft9","hatytring8",-0.173274090594374,-0.317272727272728,4.91272727272726,0.0156861637180396,39911
225,461,"alknei1","alkpress2",0.208299071160742,0.197947548460662,1.08757126567845,0.0157265645334453,56285
211,372,"enernei5","doping16",0.24849415361244,1.01705237515226,1.15225334957369,0.0157345717066726,40908
321,317,"vennkont4","nettmøte1",0.207388098705997,0.542352941176471,2.39764705882353,0.0157990056337874,93891
600,474,"idrlagnei5","alkprob12",-0.192154280714191,-0.229140461215933,2.71719077568134,0.0159106873023653,20172
385,257,"samftil9","skole9",-0.232442235578156,-0.307686237373737,3.31486742424243,0.0159850297863282,68185
26,519,"skole1","bøker2",-0.388219462049948,-0.245945945945945,1.66486486486487,0.0160174711254666,136319
552,592,"eat2","helsest3_3",-0.190535665891295,-0.619444444444446,3.15277777777778,0.0161420458299919,21578
359,318,"friluft7","vennkont1",0.415462347899991,0.481900452488687,2.53092006033183,0.0161971429181026,27785
216,155,"energru4","oppdragelse2",-0.314501308192844,-0.657187993680886,4.1611374407583,0.0161995379455321,31144
215,369,"energru3","doping13",-0.19511049417732,-0.192897971967739,3.36770808863833,0.0163613117062788,41363
155,215,"oppdragelse2","energru3",-0.310207572336335,-0.120941176470588,1.50211764705882,0.0167989017536918,53888
528,252,"depr2_2010","narko1",-0.153270691051011,-0.402496467263309,3.43311351860575,0.0167989329350024,146560
405,208,"naken4","enernei2",0.214292769431808,0.0962969987198329,1.17192167275141,0.0168516396258426,50338
453,691,"alknei9","røyk3",0.342997170285018,0.470588235294118,0.352941176470588,0.0170044042746972,27827
323,389,"spilltid2_1","alvor2",0.196525226175867,0.0864448970355284,0.0807875084860823,0.0170459883478622,38746
355,393,"friluft2","hatytring4",-0.171064102125573,-0.45995260663507,3.78530805687204,0.0170858412052046,40020
386,523,"samftil13","databruk4",-0.200406831851278,-0.204469903834738,3.26650243381218,0.0171842598475188,78734
375,307,"poldelt1","kultår9",-0.215278067691216,-0.128256114535691,2.03201431696162,0.0172498879548925,39582
478,324,"alkprob16","spilltid2_2",0.215381759322087,0.731150793650793,1.49107142857143,0.0176670550036957,147458
647,531,"narko8","depr5_2010",-0.151864241684032,-0.0707163342893349,1.28830120723004,0.0178421048178582,37288
389,321,"alvor2","vennkont4",-0.186218007334078,-0.164860147889588,4.06260046847012,0.0180224257587631,27616
593,385,"helsest3_4","samftil9",0.248712572651751,0.0919395465994962,0.0516372795969775,0.0180893337758017,65176
680,282,"påviven6","skulktim2",-0.18306997896673,-0.132793942992874,2.65669536817102,0.0182327882957685,37478
743,198,"sosmedia2_4","fysselvb2",-0.179273472131873,-0.104081632653062,0.695918367346939,0.0182733341029716,42364
318,361,"vennkont1","friluft9",0.421157631702455,0.411856474258971,0.773790951638065,0.0183004015840443,58222
378,498,"poldelt5","alkskaf2_8",0.261608321784972,0.186651583710407,1.58257918552036,0.0183181652785929,40530
654,386,"piller2","samftil13",0.239076880613322,0.0256131448592485,0.948532076839436,0.0183529393471885,44650
586,764,"fritid23","søvnprob12",0.226352473779026,0.240980258679374,1.04526889040163,0.0184922147509871,34694
380,257,"samftil3","skole9",-0.224204709819166,-0.301855731816822,3.56973959892247,0.0185388263112166,68185
197,352,"fysselvb1","someprob5",0.227949171505575,0.31760435571688,1.26134301270417,0.0187692639172028,46956
380,260,"samftil3","skole12",-0.224650022787536,-0.347177742193755,3.88480784627702,0.0188503510890316,67613
361,392,"friluft9","hatytring2",-0.168239280633306,-0.325954198473282,4.91603053435114,0.0190323074334767,40067
490,290,"alkskaf1_10","framtid6",-0.156167281054069,-0.0230579531442665,0.07055487053021,0.0190852877219701,22278
387,552,"polholdn1","eat2",0.545626206999458,0.577903682719547,1.43909348441926,0.0191713469069278,34869
738,785,"snus3","utdplan2",0.193534499494126,0.0599684168969602,1.8754441373865,0.0192548686489239,37747
401,252,"skolehels8","narko1",-0.184750313516457,-0.129435718440955,1.99098312972658,0.0193471289524336,146560
534,646,"depr8_2010","narko7",-0.150511665106087,-2.15000000000002,5.30000000000003,0.01940000542045,91945
667,475,"påvifor2","alkprob13",0.272748407397292,0.300378429517503,1.72280037842952,0.0195646631347476,41047
211,682,"enernei5","påviven8",0.270759510130204,0.464139344262296,0.739754098360654,0.019633780907255,36765
382,754,"samftil10","spilltid3_6",0.194026990326799,0.482198142414861,2.22368421052632,0.0197944506864626,141689
555,593,"eat6","helsest3_4",-0.184030649898605,-0.348208248816768,3.31372549019608,0.0198323490735822,21578
476,331,"alkprob14","spillprob1",-0.21500093129488,-0.262173913043477,1.62217391304348,0.0199165972728955,235227
674,480,"påvifor9","alkprob18",0.271507235961631,0.316461684011353,1.44181646168401,0.0201495790432392,40841
459,283,"alkomg3","skulktim3",-0.221603511059153,-0.156,4.41291743119266,0.0205688022799475,38025
268,205,"skoleangst1","skolemat4",-0.40141056963906,-0.235751295336788,2.77720207253886,0.0205936577255635,37395
353,304,"someprob6","kultår1",-0.21113887554849,-0.264455401165399,1.88525324966383,0.0206204657377473,57307
454,290,"alko3","framtid6",-0.159122265256377,-0.532476783452935,4.90080202617138,0.0207552743220994,22278
675,212,"påviven1","enernei6",0.272011374756098,0.140065146579804,2.17589576547231,0.0208070635815268,47389
229,264,"alknei4","skoletime2",0.406060606060606,0.270707070707071,0.83030303030303,0.0211110181799886,33256
596,763,"idrlagnei1","søvnprob11",-0.346678544061421,-0.239130434782609,2.63735177865613,0.0211434874794559,34742
320,316,"vennkont3","nettkont3",-0.200700540732173,-0.33869388896658,4.20780310446092,0.0215307044100905,90853
667,479,"påvifor2","alkprob17",0.266306622775237,0.24198158145443,1.78437599237853,0.0218227177502478,40883
257,669,"skole9","påvifor4",0.4561903327415,0.511744966442954,1.61744966442953,0.0219022208546672,53274
228,184,"alknei3","trygg4",-0.5087230797228,-0.434782608695652,2.24347826086957,0.0219868567556532,49903
717,389,"skjermtid3_5","alvor2",-0.26067676397393,-0.0791792894519417,1.16730928118975,0.0220353562021808,38746
228,265,"alknei3","skoletime3",0.397307433264506,0.331491712707182,0.69060773480663,0.0220496804453177,32986
329,475,"spilltid2_7","alkprob13",0.207126695508523,0.104615966704503,0.0936435868331431,0.0220723409731491,41047
113,624,"media11","media5",0.33662273632257,0.946428571428572,1.41071428571428,0.0221687731475961,135688
287,749,"skolprob2","spilltid3_1",-0.212981844420284,-0.287692307692307,1.38,0.0222945516080745,141689
335,477,"spillprob5","alkprob15",-0.211879673300846,-0.215286114445779,1.98079231692677,0.0224133463748289,40914
319,354,"vennkont2","friluft1",0.402404315223438,0.22964509394572,0.806889352818371,0.0224147186399607,67825
683,728,"påviven9","skolvansk1",-0.274071690534156,-0.148177317731773,2.70645814581458,0.0226763097530992,32616
653,290,"piller1","framtid6",-0.151721789712471,-0.0250707441791192,1.07982922106935,0.022825370248022,22278
282,675,"skulktim2","påviven1",-0.17495652985742,-0.365226650441133,2.38850015211439,0.022898030577427,37431
290,453,"framtid6","alknei9",0.225120174875992,0.44927536231884,1.43478260869566,0.0229140090258482,23969
669,475,"påvifor4","alkprob13",0.267587395382234,0.326020184291356,1.55594559017113,0.0230607225490374,41047
383,387,"samftil11","polholdn1",-0.531873337388931,-0.568296795952783,4.45868465430017,0.0230942518679334,19855
181,197,"trygg1","fysselvb1",-0.184734772589408,-0.143570536828964,1.47440699126093,0.0231605397369269,30180
229,460,"alknei4","alkpress1",0.204612380513227,0.225433526011561,1.24277456647398,0.0231975731447617,56553
210,723,"enernei4","skolint4",-0.29759525910229,-0.436507936507937,3.34126984126984,0.0232834349857987,35784
301,322,"kultmnd1","vennkont5",-0.222356399648189,-0.0776727702303605,1.36119314825753,0.0232882091044953,27678
581,763,"fritid13","søvnprob11",0.217202452313454,0.141179839633448,1.05784650630012,0.0232882424549258,34742
368,215,"doping12","energru3",-0.18394573128074,-0.17706509629158,1.97047588731497,0.023298305497629,53888
318,358,"vennkont1","friluft6",0.399640242739639,0.419327006039689,0.819672131147541,0.0234437532548044,58398
388,217,"alvor1","energru6",0.294022069856208,0.346787947697555,2.72029562251279,0.0238013852111275,53537
357,318,"friluft5","vennkont1",0.39856984015177,0.470219435736677,2.42006269592477,0.0238525584861907,27785
259,667,"skole11","påvifor2",0.450051437389435,0.583333333333333,0.273333333333334,0.0239832248230743,54131
503,378,"alktype2","poldelt5",-0.250690429380074,-1.11999999999999,4.45333333333331,0.0239879424712097,35923
241,210,"rusholdn13","enernei4",-0.211316440311939,-0.0800413321675546,1.97726730784517,0.0240125988010398,50218
476,683,"alkprob14","påviven9",0.277502927150255,0.204830469112866,0.673943334881559,0.024078477457378,39877
185,354,"søvn1","friluft1",-0.238957736227545,-0.180522875816993,3.10366013071895,0.024118735650602,67825
320,375,"vennkont3","poldelt1",0.269352318143139,1.55729166666667,0.27604166666666,0.0241436823938354,44662
745,734,"sosmedia2_6","skolvansk7",0.410369266695819,0.246127366609294,-0.457831325301204,0.0242949536191727,32349
681,476,"påviven7","alkprob14",0.276872176440537,0.383631713554987,1.80647911338448,0.0244148981060126,40984
239,267,"rusholdn3","skoletime5",-0.175081955690496,-0.0548914935592433,1.21504003713589,0.0244950821650318,33057
321,354,"vennkont4","friluft1",0.396284949239009,0.403966597077244,1.71711899791232,0.0247448377382388,67825
183,197,"trygg3","fysselvb1",-0.181957474094659,-0.214285714285715,1.96428571428571,0.0248602696309941,30180
353,268,"someprob6","skoleangst1",-0.158631812353112,-0.0759559300064808,1.8200129617628,0.0248609748341102,21879
321,395,"vennkont4","hatytring6",-0.218819296567972,-0.547544080604535,3.84571788413098,0.0249199016078949,39802
554,593,"eat4","helsest3_4",-0.177275110952722,-0.359364435429344,3.04901960784314,0.0249236931052814,21578
367,401,"atfpro20","skolehels8",-0.176771474099108,-0.116161616161617,1.2550505050505,0.0253445793735703,30229
389,364,"alvor2","atfpro5",-0.16292251853787,-0.414800655379576,4.0999453850355,0.0254876946637817,364372
479,334,"alkprob17","spillprob4",-0.206416557100292,-0.378235294117648,1.9664705882353,0.0255576134433719,230328
761,210,"søvnprob1","enernei4",0.344265186329548,0.266666666666666,0.866666666666667,0.0255822119844117,50218
479,673,"alkprob17","påvifor8",0.261234663059975,0.329776915615907,0.543161978661495,0.0255895315893823,49708
479,680,"alkprob17","påviven6",0.274688841028188,0.323170731707318,0.658536585365852,0.025610284305327,39648
386,322,"samftil13","vennkont5",0.399987246930042,0.375920084121977,1.88801261829653,0.0257793993480928,27678
279,389,"skulkgr2","alvor2",-0.201839764340689,-0.0722123893805305,1.36530973451328,0.0257845996661754,38746
320,397,"vennkont3","hatytring8",0.219655157089169,0.457793234271262,2.71229845083781,0.0257905284096461,39911
729,746,"skolvansk2","sosmedia2_7",0.399361531915436,1.05263157894737,2.94736842105263,0.0260337078000129,67510
351,265,"someprob4","skoletime3",-0.178715472774735,-0.125443262411347,2.01462765957447,0.0260864098347097,32986
388,279,"alvor1","skulkgr2",-0.201175246878128,-0.64933628318584,4.59845132743363,0.0262869172837214,76859
215,769,"energru3","søvnprob6",-0.386381987882961,-0.510479041916168,3.09131736526946,0.0263462618944876,53016
388,328,"alvor1","spilltid2_6",-0.181830202122183,-0.386445565969719,4.12328767123288,0.0264620477699072,147458
240,215,"rusholdn12","energru3",-0.15410112007999,-0.0569044901814178,1.37086301208138,0.0266256498006785,53888
597,764,"idrlagnei2","søvnprob12",-0.333911191433048,-0.361863488624052,2.94366197183099,0.0267490002187554,34694
476,756,"alkprob14","spilltid3_8",0.201081622510411,0.202340182648401,1.06849315068494,0.026995755015056,141689
767,206,"søvnprob4","energi1",0.250317361481178,0.161299052774019,1.53058186738836,0.0270796094097271,109088
769,211,"søvnprob6","enernei5",0.345156924969147,0.190239043824701,0.941235059760956,0.0270946884388393,49384
187,581,"søvnprob9","fritid13",0.211338893671433,0.343199276999548,1.46430185268866,0.0273850350557068,321177
216,388,"energru4","alvor1",0.289708642625167,0.208121827411167,2.6243654822335,0.0273932589355901,38859
642,294,"måltid10","fritid3",-0.211322152377599,-0.197149004841314,5.08795051102743,0.0273975573874229,330975
213,389,"energru1","alvor2",-0.287090303923279,-0.14376130198915,1.80470162748644,0.0274795401590118,38746
306,349,"kultår8","someprob2",-0.201235437020324,-0.098223615464995,1.21943573667711,0.0275279986967508,47123
681,479,"påviven7","alkprob17",0.271319825042859,0.246696035242291,1.90602055800294,0.0275516273451805,40883
325,478,"spilltid2_3","alkprob16",0.200363615687418,0.0672348484848486,-0.00473484848484872,0.0275582733179435,40880
338,315,"spillvikt1","nettkont2",-0.218231861457775,-0.27944969905417,3.3439380911436,0.0275594207322684,91953
185,355,"søvn1","friluft2",-0.234907375673616,-0.205884975479269,3.17012929112795,0.0275916451068032,67480
477,674,"alkprob15","påvifor9",0.257822661319355,0.146239554317549,0.798050139275766,0.0276516887128259,53096
729,179,"skolvansk2","mestr4",0.208084043290601,0.352941176470588,1.94957983193277,0.0276930189576782,203401
711,390,"skjermtid2_7","alvor3",-0.250895001005003,-0.0681079983759643,0.34541209906618,0.0277418533440847,38510
376,754,"poldelt2","spilltid3_6",-0.170714179347011,-0.0728910728910732,1.98198198198199,0.0278746095442623,141689
476,669,"alkprob14","påvifor4",0.257386745803779,0.173469387755102,0.806122448979592,0.0279249835611157,53274
306,378,"kultår8","poldelt5",-0.200618239496253,-0.456140350877201,2.12280701754387,0.0280170650703613,35923
768,216,"søvnprob5","energru4",0.376078545416306,0.805460750853244,-1.12627986348123,0.0283755959825141,53553
695,203,"seksuori3","skolemat2",-0.161967885034754,-0.0863897878460986,1.84043509528947,0.0284856812950316,37450
732,745,"skolvansk5","sosmedia2_6",0.399702304906483,0.531100478468899,4.36363636363636,0.0286424328033914,67510
182,216,"trygg2","energru4",-0.193452836847794,-0.140006651147323,1.90971067509146,0.02867613482785,53553
378,502,"poldelt5","alktype1",-0.241714425927834,-0.0439640162507255,2.02655252466628,0.0286866554847194,55637
314,570,"nettkont1","forhfor12",-0.161536615679358,-0.210315695864829,3.65599525715133,0.0289166245967386,36193
305,378,"kultår7","poldelt5",-0.199350287157808,-0.771929824561416,3.27192982456143,0.0290450192148343,35923
84,207,"alkodebut","enernei1",-0.256875462838155,-0.269938650306748,3.47239263803681,0.0293907201107358,51271
228,390,"alknei3","alvor3",-0.353357789185606,-0.148841793987186,2.03942828979793,0.0295382725378867,38510
184,230,"trygg4","alknei5",-0.474773457625396,-0.5,2,0.0296455966549517,59396
211,768,"enernei5","søvnprob5",0.339875288715955,0.613636363636363,1.22727272727273,0.0296943691159882,53130
381,260,"samftil4","skole12",-0.209142639795696,-0.32672849915683,3.54215851602023,0.0298355820322828,67613
315,787,"nettkont2","venner4",-0.157986198647587,-0.147634757622518,2.56568935241845,0.0299163161431276,42807
378,719,"poldelt5","skjermtid3_7",-0.168549151362802,-0.0702898550724628,1.98333333333334,0.0299501348098198,115420
745,480,"sosmedia2_6","alkprob18",-0.174254422423562,-0.11448948948949,0.891141141141142,0.0301200639350959,40841
267,228,"skoletime5","alknei3",-0.377406591564177,-0.61904761904762,3.57142857142857,0.0303701536033434,59501
278,319,"skulkgr1","vennkont2",0.266596208890061,0.332721712538227,1.37981651376147,0.0304810650274322,27781
307,290,"kultår9","framtid6",-0.182290410239442,-0.0977929984779308,1.43417047184171,0.0305049313596006,22278
367,399,"atfpro20","skolehels7",-0.170522412326788,-0.0848310567936737,1.25736879942487,0.0305647939609895,30292
586,187,"fritid23","søvnprob9",0.207143358585239,0.157385195339274,1.08498971898561,0.0306794340053658,119676
643,585,"måltid11","fritid22",0.207771747890914,0.399964304836695,3.19079064786721,0.0309505967800345,183999
564,611,"forhfor6","kultmnd3",-0.221530276316778,-0.150156880322725,1.84132675930076,0.0309660141449697,20765
361,391,"friluft9","hatytring3",-0.155208647231065,-0.208604302151076,4.80840420210105,0.0311384712820813,40046
355,394,"friluft2","hatytring5",-0.154347198234049,-0.265267175572518,3.62213740458015,0.031207943458398,40027
729,671,"skolvansk2","påvifor6",0.255522151536683,0.427525622254759,2.50951683748169,0.0315005047536292,43691
397,354,"hatytring8","friluft1",-0.153183479349066,-0.0619764353333786,1.39964584894096,0.0316304367311338,67825
593,699,"helsest3_4","sextrak2",0.262819151672155,0.274358974358974,-0.0820512820512818,0.0316572104846155,72208
198,352,"fysselvb2","someprob5",0.208844184768366,0.427707199032064,2.09860859044162,0.0316789425785234,46956
355,392,"friluft2","hatytring2",-0.153906274366535,-0.426920208799403,3.76808351976138,0.0316992897046754,40067
237,314,"rusholdn11","nettkont1",0.324240606241792,0.165943600867679,1.0173535791757,0.0317743979246228,93185
209,675,"enernei3","påviven1",0.251527798053992,0.520481927710844,0.925301204819276,0.0318249118684451,37431
586,643,"fritid23","måltid11",0.206644621970004,0.11703511053316,0.950007224389538,0.031893569681007,69203
184,197,"trygg4","fysselvb1",-0.173991124157781,-0.17311507936508,1.73387896825397,0.0320506695789987,30180
353,266,"someprob6","skoletime4",-0.173376751505125,-0.121001265136454,1.8698716790168,0.0320951639602,33040
389,711,"alvor2","skjermtid2_7",-0.244324168045569,-0.772727272727272,3.86363636363636,0.0322387808232322,116721
624,771,"media5","tenner1",0.309344112444873,0.421052631578948,0.657894736842105,0.0323960148061877,190966
179,733,"mestr4","skolvansk6",0.20199070570345,0.145571245186136,2.27971758664955,0.0326994869729796,32422
396,360,"hatytring7","friluft8",-0.153213292464314,-0.106478079843253,1.66746265001225,0.0329384998290437,58259
212,680,"enernei6","påviven6",0.253374161433671,0.390378548895901,2.32807570977917,0.0330071753071798,39648
266,237,"skoletime4","rusholdn11",-0.167305127417635,-0.234567901234568,2.25925925925926,0.0333387959853952,33768
257,383,"skole9","samftil11",-0.203887008412879,-0.158529741863075,2.65572390572391,0.0334622398396548,60671
388,365,"alvor1","atfpro7",-0.156393580870475,-0.372574385510997,4.24062095730919,0.0335145901128489,364527
264,237,"skoletime2","rusholdn11",-0.16550729452017,-0.244343226564795,2.20819864825154,0.0336290523256145,33768
390,502,"alvor3","alktype1",-0.195705230506384,-0.210272873194221,3.15569823434992,0.0336822649587605,55637
495,734,"alkskaf2_5","skolvansk7",0.388836255964197,0.0769230769230771,1.66666666666667,0.0337016111810724,32349
499,734,"alkskaf2_9","skolvansk7",0.388836255964197,0.0769230769230771,1.66666666666667,0.0337016111810724,32349
734,495,"skolvansk7","alkskaf2_5",0.388836255964197,1.96551724137932,0.0344827586206775,0.0337016111810724,40653
734,499,"skolvansk7","alkskaf2_9",0.388836255964197,1.96551724137932,0.0344827586206775,0.0337016111810724,40374
390,710,"alvor3","skjermtid2_6",-0.242078059471812,-0.624156545209178,3.28205128205129,0.033909974542378,116721
316,348,"nettkont3","someprob1",-0.18610106441675,-0.459325396825397,2.57043650793651,0.034010996022042,47261
517,390,"atfpro22","alvor3",-0.235711826039902,-0.180194805194805,1.97835497835498,0.0341428259894426,38510
321,392,"vennkont4","hatytring2",-0.206535238859925,-0.554789550072569,3.85413642960813,0.0345263131051764,40067
388,763,"alvor1","søvnprob11",-0.205553396953934,-0.256638061585058,4.37193336698637,0.0345291949645493,34742
395,356,"hatytring6","friluft4",-0.152075624181333,-0.0616175598180743,1.36092544987146,0.0347488189504879,67450
215,181,"energru3","trygg1",-0.186782371727257,-0.338378022701101,3.10001645007403,0.0347648248488721,50124
378,745,"poldelt5","sosmedia2_6",-0.162013797847329,-0.072072072072073,1.99999999999999,0.0347910577732974,67510
254,387,"rusnett1","polholdn1",-0.473684210526316,-0.0947368421052632,1.35789473684211,0.0348799913794964,19855
317,378,"nettmøte1","poldelt5",0.197505099840004,0.536363636363632,0.463636363636372,0.0351754829752984,35923
319,314,"vennkont2","nettkont1",-0.182819797468631,-0.18640350877193,2.20175438596492,0.0351813996981191,93185
319,304,"vennkont2","kultår1",-0.208708161862049,-0.608744394618838,2.55717488789239,0.0352815276666012,57307
316,378,"nettkont3","poldelt5",-0.165481501540926,-0.56006493506493,2.68506493506492,0.0353385727723465,35923
259,383,"skole11","samftil11",0.201675398987032,0.103020950243173,1.24172278338945,0.0354712277607381,60671
331,478,"spillprob1","alkprob16",-0.195346775254627,-0.0888585720782173,1.92160072760345,0.0356010752868694,40880
209,390,"enernei3","alvor3",0.449802850758963,0.478395061728395,0.93827160493827,0.0356960502122877,38510
198,500,"fysselvb2","alkskaf2_10",-0.197772293902294,-0.704049844236774,4.37071651090344,0.0357499425576225,40261
154,208,"oppdragelse1","enernei2",-0.44854261357253,-0.185714285714286,1.67142857142857,0.0362804407299818,50338
229,269,"alknei4","skoleangst2",-0.190359265393896,-0.108099421469895,1.51885579601457,0.0364939841856162,21880
209,683,"enernei3","påviven9",0.246706855745724,0.353773584905661,1.54481132075472,0.0366942131330517,39877
763,262,"søvnprob11","karforn1",0.335634027278258,0.535714285714286,0.82142857142857,0.0367202790303857,181116
304,348,"kultår1","someprob1",-0.189287942080423,-0.201388888888889,1.51388888888889,0.0367845595055755,47261
734,176,"skolvansk7","mestr1",0.199272398014281,0.287183002056203,3.30054832076764,0.0368798058768552,210449
213,371,"energru1","doping15",-0.166132172149051,-0.141428571428573,1.37714285714286,0.0369616351269026,40929
282,671,"skulktim2","påvifor6",-0.158070208391313,-0.20923327705653,1.87593875531234,0.0372352286566656,43691
278,388,"skulkgr1","alvor1",-0.187837557270681,-0.17934385121722,2.39760735555323,0.037479195895398,38859
567,315,"forhfor9","nettkont2",-0.153643702867227,-0.171902052930991,3.58125154588177,0.0378424005143252,91953
316,352,"nettkont3","someprob5",-0.181558825310638,-0.431601731601732,2.52683982683983,0.037949367858935,46956
178,733,"mestr3","skolvansk6",0.198641055387496,0.13021883098186,2.41772243017564,0.0383918677637971,32422
553,592,"eat3","helsest3_3",-0.164294529805134,-0.544444444444445,2.94444444444444,0.0385073513268246,21578
683,211,"påviven9","enernei5",0.24253425431849,0.189112760692824,1.74690703428774,0.038694113410617,49384
731,744,"skolvansk4","sosmedia2_5",-0.37874708263836,-1.15873015873016,3.77777777777778,0.039023331981885,67510
460,377,"alkpress1","poldelt4",-0.226878686336636,-0.429429429429431,2.31831831831832,0.0391510233522204,44466
476,667,"alkprob14","påvifor2",0.240292516464403,0.171538461538462,0.760000000000001,0.0391883904260798,54131
209,462,"enernei3","alkpress3",-0.159253342238992,-0.367800329127812,2.89742183214482,0.0392147692000247,56268
316,350,"nettkont3","someprob3",-0.180308889378975,-0.343924191750279,2.31828316610925,0.0393151197689085,47152
764,362,"søvnprob12","friluft10",-0.206345891279386,-0.172845020098258,2.21706118803037,0.0394235330882241,33860
525,388,"databruk7","alvor1",-0.154916959574389,-0.245160903697489,3.44435788338227,0.0395057712603267,38859
197,353,"fysselvb1","someprob6",0.200265832428595,0.215942028985508,1.50144927536232,0.0395597348141029,47036
183,243,"trygg3","ruskjør1",-0.15400304866443,-0.150763616704961,1.97465873766726,0.0395631858516679,224097
205,269,"skolemat4","skoleangst2",-0.36554183839303,-0.602325581395349,5.34883720930232,0.0396516977117964,21880
394,320,"hatytring5","vennkont3",0.202912060090657,0.102955091345804,1.05520780260572,0.0398175581369475,27579
603,764,"idrlagnei9","søvnprob12",-0.311102181199972,-0.344528710725894,2.75189599133261,0.0398280072993361,34694
377,230,"poldelt4","alknei5",-0.344045559394066,-0.142857142857143,2.14285714285714,0.0399159414004282,59396
679,733,"påviven5","skolvansk6",0.247886579814174,0.156723267553924,1.84855438274438,0.0400090420535022,32422
375,525,"poldelt1","databruk7",-0.160427636012102,-0.0420716716325567,1.90774841661375,0.040162595155871,78324
301,563,"kultmnd1","forhfor5",-0.209363726615768,-0.237132352941177,2.28170955882353,0.040637147661946,36260
479,335,"alkprob17","spillprob5",-0.190138920543077,-0.258914728682171,1.6922480620155,0.0409169235165833,231368
209,761,"enernei3","søvnprob1",0.320565288065,0.513095238095237,2.04404761904762,0.0410110129737919,53598
384,322,"samftil6","vennkont5",0.368865288419262,0.409722222222222,1.25,0.0411515078766335,27678
390,716,"alvor3","skjermtid3_4",-0.233274441997357,-0.657004830917875,3.43478260869565,0.0411757897353496,115420
519,431,"bøker2","helsepl8",0.332462751600645,0.337988826815643,0.97486033519553,0.0414104277411611,456429
366,388,"atfpro23","alvor1",-0.150471901269473,-0.100348812376908,1.6094962389958,0.0414686437283621,38859
299,762,"fritid11","søvnprob10",-0.195547769787731,-0.101384635867394,1.62288643323126,0.0415740387007377,34694
362,390,"friluft10","alvor3",-0.181574789252316,-0.12683697016315,5.0802801506012,0.0418703826366203,38510
72,197,"lønnarb2","fysselvb1",0.200892976197952,0.458888888888889,1.79222222222222,0.0418758198809701,30180
215,183,"energru3","trygg3",-0.179649727194391,-0.23321226454937,3.08598699214461,0.0424475230321384,49919
594,315,"helsest3_5","nettkont2",0.287494454249973,0.045,-0.0789999999999999,0.04292533983799,91953
269,202,"skoleangst2","skolemat1",-0.354484447499254,-0.236535008976661,3.21723518850988,0.042959490424924,37628
322,303,"vennkont5","kultmnd5",-0.198830517880708,-0.349505703422053,3.75558935361216,0.0430293894429132,65366
474,598,"alkprob12","idrlagnei3",-0.162142320813206,-0.144048016005336,1.63304434811604,0.0431483011686566,26624
382,340,"samftil10","spillvikt3",0.371652681063304,0.369426751592357,2.42356687898089,0.0431540820442211,29484
564,729,"forhfor6","skolvansk2",-0.185655801090564,-0.0988084859052603,1.79308340598664,0.0432281894400107,23262
762,601,"søvnprob10","idrlagnei6",0.309431785920107,0.756345177664973,0.324873096446702,0.0434721849930781,26234
30,519,"skole6","bøker2",0.32917139662159,0.454054054054055,2.46486486486487,0.0435918869724949,136319
377,504,"poldelt4","alktype3",-0.224388134076173,-0.061444110159685,2.0079842629021,0.0440238636932639,54875
613,463,"læring7","alkprob1",-0.465667132334032,-0.611111111111112,2.66666666666667,0.0445035187765309,34582
370,217,"doping14","energru6",-0.161674507606849,-0.189793502564778,2.3747205050638,0.0451579606871476,53537
216,455,"energru4","alko4",0.464089184785396,0.116236162361624,3.52767527675277,0.045327244552195,30359
642,584,"måltid10","fritid18",-0.193488507155908,-0.182021217197096,5.04187604690116,0.0458398353319,320233
265,279,"skoletime3","skulkgr2",0.248594705000448,1.3125,0.375,0.0458455433623938,76859
356,318,"friluft4","vennkont1",0.348636552265195,0.389140271493213,2.58521870286576,0.046764870418709,27785
217,183,"energru6","trygg3",-0.175258485772965,-0.207548741876354,3.46892184635893,0.0469686713798641,49919
388,211,"alvor1","enernei5",0.427555855038422,0.446153846153846,3.09230769230769,0.0471626909881978,49384
519,169,"bøker2","persprob3",-0.323970479774597,-0.331914893617021,2.07659574468085,0.0472275855669817,469182
158,213,"oppdragelse5","energru1",0.261443492808,0.0956937799043064,0.909090909090909,0.047436963897043,54676
390,358,"alvor3","friluft6",-0.177633507716459,-0.377777777777777,4.96000000000001,0.0474969813216317,58398
226,377,"alknei7","poldelt4",-0.319333186829252,-0.815789473684211,2.81578947368421,0.0475267990426323,44466
476,678,"alkprob14","påviven4",0.242754506132331,0.169672131147541,0.741803278688525,0.0477762467154924,39857
756,386,"spilltid3_8","samftil13",-0.165221215766244,-0.0467966573816156,0.286908077994429,0.0478162694799995,44650
504,378,"alktype3","poldelt5",-0.220584945363017,-0.966666666666662,3.79999999999999,0.0478322488544258,35923
594,384,"helsest3_5","samftil6",0.209181913182559,0.032817804602037,-0.0337608449641646,0.0478517421918546,49787
729,681,"skolvansk2","påviven7",0.238912651001733,0.392009493670886,2.65110759493671,0.0480378317906418,36976
319,355,"vennkont2","friluft2",0.356553803703583,0.209059233449477,0.930313588850174,0.0489667690553969,67480
333,476,"spillprob3","alkprob14",-0.182419133419965,-0.147368421052631,1.96491228070176,0.0490071224830256,40984
745,377,"sosmedia2_6","poldelt4",-0.151156448756957,-0.223333333333335,1.07333333333333,0.049111913073631,44466
452,290,"alknei8","framtid6",-0.193328426784522,-0.102908514013749,1.66070861977789,0.0492599550953752,22278
256,669,"skole8","påvifor4",0.396779355012864,0.437919463087249,1.87919463087248,0.0495538511888261,53274
290,496,"framtid6","alkskaf2_6",0.29780450912094,0.557894736842105,1.28421052631579,0.0496061896122771,40602
259,672,"skole11","påvifor7",-0.396614889769051,-0.47191011235955,2.62921348314607,0.0496569738720744,41141
673,258,"påvifor8","skole10",0.404577389939339,0.278260869565218,1.55652173913043,0.0498815551675645,68260
321,385,"vennkont4","samftil9",0.35510050150111,0.361413043478261,1.90489130434782,0.049962279755394,65176
701,594,"sextrak4","helsest3_5",0.240442300770892,0.578124999999998,1.421875,0.050004696978658,21557
184,214,"trygg4","energru2",-0.173527515917086,-0.104437806699381,1.6865799018562,0.0501281990558626,53955
72,229,"lønnarb2","alknei4",-0.172653915879691,-0.469237079573424,3.16488925348646,0.0503940102339485,57598
295,260,"fritid4","skole12",-0.168627330771602,-0.113029827315542,1.62668759811617,0.0505739405254891,67613
220,281,"rusfarl6","skulktim1",0.245275397031666,0.153761427469986,1.82465029188237,0.0507624422383577,38312
225,267,"alknei1","skoletime5",-0.342169031353948,-0.185840707964602,1.74926253687316,0.0512824631246416,33057
315,353,"nettkont2","someprob6",-0.1706072074607,-0.329382716049384,2.60938271604938,0.0513811833930235,47036
678,731,"påviven4","skolvansk4",0.237205801263862,0.13323201621074,1.98758865248227,0.0514532648625383,32396
370,215,"doping14","energru3",-0.157692641130312,-0.17243816254417,2.27255594817432,0.0515644442743529,53888
765,212,"søvnprob2","enernei6",0.313700459996988,0.357336956521739,0.728260869565217,0.0518081862032975,47389
389,716,"alvor2","skjermtid3_4",-0.222427019440018,-0.537842190016104,4.1304347826087,0.0518597513916786,115420
379,593,"samftil1","helsest3_4",0.204415850953488,0.503968253968254,1.88888888888889,0.051940998676049,21578
495,291,"alkskaf2_5","framtid4",0.294808817725416,0.0583941605839414,1.83394160583942,0.0520570563656886,145754
282,236,"skulktim2","alkomg4",0.194705905616094,0.156344940406637,1.07291423229726,0.0522339171867379,41590
390,719,"alvor3","skjermtid3_7",-0.221926696683347,-0.572199730094469,3.25641025641026,0.0524027750161383,115420
390,460,"alvor3","alkpress1",-0.178195287775672,-0.344455594581034,3.24987456096338,0.0525122247007037,56553
225,266,"alknei1","skoletime4",0.340412348192041,0.216599190283401,0.815789473684211,0.0525676302044433,33040
211,389,"enernei5","alvor2",0.418426874398598,0.469827586206897,0.55603448275862,0.0526201980847872,38746
670,480,"påvifor5","alkprob18",-0.229224314785192,-0.272727272727274,2.72727272727273,0.0527617206861668,40841
570,730,"forhfor12","skolvansk3",-0.178688388586842,-0.0866813833701251,1.73186166298749,0.0528675489399187,32382
211,184,"enernei5","trygg4",-0.237519040334715,-0.389897843359819,2.59761634506243,0.0529431495284233,49903
362,318,"friluft10","vennkont1",0.345065644630976,0.431034482758621,3.05172413793103,0.0530881896262298,27785
318,301,"vennkont1","kultmnd1",-0.191077279191146,-0.550505050505051,3.65151515151515,0.0531857681679215,65870
207,181,"enernei1","trygg1",0.233613876890931,0.633802816901409,1.08450704225352,0.0533699979420531,50124
519,29,"bøker2","skole4",0.315627006011491,0.227528089887641,0.963483146067416,0.0535665198128462,616180
671,256,"påvifor6","skole8",0.390566732942472,0.272727272727273,1.81818181818182,0.0535672709348519,68638
382,260,"samftil10","skole12",-0.185136630850204,-0.260103092783505,3.63113402061856,0.0539428701659234,67613
670,256,"påvifor5","skole8",0.389691549988233,0.289256198347108,1.41322314049587,0.0541524130533885,68638
225,265,"alknei1","skoletime3",0.338198836542461,0.251381215469613,0.732044198895028,0.0542232964439589,32986
379,340,"samftil1","spillvikt3",0.35475052860842,0.396496815286624,1.61624203821656,0.0544079154617309,29484
217,181,"energru6","trygg1",-0.169667052186681,-0.281056406912295,3.45712422562765,0.0545741180488469,50124
386,755,"samftil13","spilltid3_7",-0.160435902393274,-0.44340425531915,2.72340425531915,0.0547425637542622,141689
563,611,"forhfor5","kultmnd3",-0.197705442202445,-0.136822052891081,1.82855221873599,0.0547965031878484,20765
211,375,"enernei5","poldelt1",-0.208510486148487,-0.642094017094018,3.10363247863248,0.0554907125380005,44662
355,318,"friluft2","vennkont1",0.341617890993128,0.404388714733542,2.4012539184953,0.0556692497295704,27785
584,390,"fritid18","alvor3",-0.187874646052175,-0.0860826926569408,1.50372298565288,0.0561538484201772,38510
195,265,"kroppsbilde7","skoletime3",0.402676621110041,0.47680412371134,1.46649484536082,0.0567767150333826,32986
564,732,"forhfor6","skolvansk5",-0.175477429591725,-0.117031105635972,1.94595010779181,0.0573469944132895,32444
268,280,"skoleangst1","skulkgr3",0.228151598233633,0.183980967486122,1.8406026962728,0.0574830415328218,78424
214,371,"energru2","doping15",-0.152849628723507,-0.302919708029199,3.17445255474453,0.0575998018378952,40929
728,676,"skolvansk1","påviven2",-0.227848405186789,-0.442528735632184,3.50492610837438,0.0578244186733572,40301
182,215,"trygg2","energru3",-0.167867649738382,-0.0943311112224953,1.67465289960403,0.0582199269694223,53888
210,84,"enernei4","alkodebut",-0.22399493690297,-0.211111111111111,2.60555555555556,0.0585567255012446,66874
682,480,"påviven8","alkprob18",-0.23762944502796,-0.193996664813786,2.89827682045581,0.0586579145861168,40841
156,217,"oppdragelse3","energru6",-0.249635596200116,-0.105515587529976,1.51079136690647,0.0587817473334845,53537
595,380,"helsest3_6","samftil3",0.198872477826338,0.0631026659103799,0.0297787861599548,0.0587819936554864,65869
338,226,"spillvikt1","alknei7",0.202233654337362,1.05060240963856,1.29879518072289,0.0588156627433605,30066
677,479,"påviven3","alkprob17",0.233279368417283,0.213656387665199,1.9662261380323,0.0594218932798419,40883
297,764,"fritid17","søvnprob12",-0.182775233772458,-0.305411926921752,2.36194415718718,0.0595188403993943,34694
268,204,"skoleangst1","skolemat3",-0.330983772821855,-0.378151260504202,2.36414565826331,0.0599087655505449,37254
181,214,"trygg1","energru2",-0.166547536247511,-0.0948367825901429,1.48965222957116,0.060253905610133,53955
476,671,"alkprob14","påvifor6",0.222511574196637,0.166666666666666,0.763888888888892,0.0602915294450121,43691
673,476,"påvifor8","alkprob14",0.220936326524942,0.254172015404365,2.21437740693197,0.0603286307758428,40984
378,496,"poldelt5","alkskaf2_6",0.209428125761894,0.117482517482517,1.72867132867133,0.0605971574103726,40602
374,269,"polint4","skoleangst2",-0.306633979726933,-0.333976833976833,3.94015444015444,0.0611422480994474,21880
360,318,"friluft8","vennkont1",0.334358774995483,0.371473354231975,3.39184952978056,0.0614274726345632,27785
385,340,"samftil9","spillvikt3",0.345488345087784,0.410828025477707,2.27707006369427,0.0614896307473069,29484
318,354,"vennkont1","friluft1",0.329063621426698,0.268882175226586,1.59214501510574,0.0614983459855564,67825
320,305,"vennkont3","kultår7",-0.185688234345596,-0.899135446685883,4.3314121037464,0.0616880292832303,40804
681,207,"påviven7","enernei1",-0.215248801000253,-0.216216216216216,2.56756756756757,0.0618527945218533,51271
622,172,"media3","persprob4",-0.274493829709223,-0.592171717171718,5.32828282828283,0.0618729770522217,461489
493,731,"alkskaf2_3","skolvansk4",-0.344592566340053,-0.0866510538641687,2.16861826697892,0.0622110565594882,32396
388,327,"alvor1","spilltid2_5",-0.153063440660615,-0.326902074990899,4.07317073170732,0.0623723467378298,147458
376,504,"poldelt2","alktype3",-0.20796041030616,-0.0509141402453133,2.01226567924091,0.0624655517713161,54875
339,315,"spillvikt2","nettkont2",-0.186061504487556,-0.209801488833747,3.60086848635236,0.0624731960537738,91953
256,680,"skole8","påviven6",0.394516417761663,0.562500000000001,1.375,0.0624756966560799,39648
208,681,"enernei2","påviven7",0.215964412969796,0.330278128950696,1.5224399494311,0.0627555867365858,36976
752,386,"spilltid3_4","samftil13",-0.155185050720729,-0.0568802228412256,0.514206128133705,0.0632743869097447,44650
206,388,"energi1","alvor1",-0.205994873419619,-0.313402502941491,4.8045780297358,0.063354903633407,38859
426,624,"helsetje3","media5",0.27268234553224,0.389534883720931,1.33139534883721,0.063683197827569,135688
292,496,"framtid7","alkskaf2_6",0.28495013808837,0.333333333333333,0.666666666666667,0.0640133804754348,40602
218,267,"alko2","skoletime5",-0.192725469258115,-0.182352941176471,1.76584440227704,0.0641936639279493,33057
264,228,"skoletime2","alknei3",0.325724638580767,0.464285714285715,1.1547619047619,0.0643413399165151,59501
678,734,"påviven4","skolvansk7",0.225457056437698,0.180369989722507,1.65724563206577,0.0645189502627509,32349
214,182,"energru2","trygg2",-0.163784294812592,-0.282539682539683,3.01111111111111,0.0646999894191284,50004
303,563,"kultmnd5","forhfor5",-0.189151020911438,-0.227941176470588,2.15257352941176,0.0649334583375323,36260
787,209,"venner4","enernei3",-0.150916870227385,-0.134943396226415,3.67936603773584,0.0652622496740861,48967
453,387,"alknei9","polholdn1",0.310012938826548,0.157267672756156,0.953931691818904,0.0657593197224752,19855
214,399,"energru2","skolehels7",-0.198085533291361,-0.305861868833429,3.56993615786418,0.0658908950250791,30292
671,479,"påvifor6","alkprob17",0.217945788018887,0.200557103064067,2.05756731662024,0.065894339528434,40883
268,262,"skoleangst1","karforn1",0.334040874881077,0.507936507936508,0.904761904761905,0.0662704942658191,181116
84,228,"alkodebut","alknei3",-0.78086880944303,-1.66666666666667,6.33333333333334,0.0667665448119881,59501
84,229,"alkodebut","alknei4",-0.78086880944303,-1.66666666666667,6.33333333333334,0.0667665448119881,57598
84,230,"alkodebut","alknei5",-0.78086880944303,-1.66666666666667,6.33333333333334,0.0667665448119881,59396
229,84,"alknei4","alkodebut",-0.78086880944303,-0.365853658536585,2.90243902439024,0.0667665448119882,66874
230,84,"alknei5","alkodebut",-0.78086880944303,-0.365853658536585,2.90243902439024,0.0667665448119882,66874
299,763,"fritid11","søvnprob11",-0.175358441405553,-0.109217587797759,1.54533471424536,0.0668931736561063,34742
390,706,"alvor3","skjermtid2_2",0.209741149405974,1.09722222222222,2.90277777777778,0.0671319981800227,116721
377,225,"poldelt4","alknei1",-0.296174438879546,-0.111111111111111,2.11111111111111,0.067138059544019,59653
621,92,"media2","medik1",0.268454808161071,0.166845493562232,1.08476394849786,0.0680723461231036,617459
306,376,"kultår8","poldelt2",-0.165743480942968,-0.354037267080738,1.92546583850931,0.0680778623685833,44531
215,184,"energru3","trygg4",-0.161435842722222,-0.276277157956547,3.07251908396947,0.0686857137395742,49903
576,387,"friluft3","polholdn1",-0.151863019318262,-0.147047970479705,5.0461254612546,0.06921292641328,19855
279,318,"skulkgr2","vennkont1",0.228590856882376,0.0255192878338279,0.93946587537092,0.0692443555321263,27785
321,355,"vennkont4","friluft2",0.330634981681106,0.347851335656214,1.93960511033682,0.0692589726852583,67480
115,625,"skjermtid1","media6",-0.267143072526625,-1.00657894736842,5.81578947368422,0.0694820213543715,135386
215,401,"energru3","skolehels8",-0.193074267758788,-0.393832153690597,3.76592517694641,0.0698614895087901,30229
667,477,"påvifor2","alkprob15",0.211425550688924,0.352187833511207,1.73212379935966,0.0705615545894788,40914
726,208,"skolint9","enernei2",0.23696747882367,0.19336569579288,1.86488673139159,0.0707512366224771,50338
723,215,"skolint4","energru3",0.231028268886461,0.138654387311333,3.22154003581479,0.0708209152612796,53888
743,732,"sosmedia2_4","skolvansk5",0.333913548451873,0.260162601626016,-0.75609756097561,0.071330612598577,32444
84,227,"alkodebut","alknei2",-0.773020682523926,-1.75,6.75000000000001,0.0714324728218695,61126
455,206,"alko4","energi1",0.381784266173093,0.315303430079156,1.76385224274406,0.0722297956701974,109088
379,260,"samftil1","skole12",-0.171220799852818,-0.237377615665195,2.88375887886351,0.0723680183054195,67613
304,322,"kultår1","vennkont5",-0.176735310683015,-0.0638905296318173,1.39279385705847,0.072697380681359,27678
186,600,"søvnprob7","idrlagnei5",0.276228598819836,0.3575,0.987499999999999,0.0729658880621952,26482
389,228,"alvor2","alknei3",-0.294165834430923,-0.684210526315788,4.57894736842105,0.0730234801855702,59501
590,702,"helsest3_1","sextrak5",0.220442376450884,0.284848484848485,0.096969696969697,0.0730426978205021,71972
266,390,"skoletime4","alvor3",-0.337210552835692,-0.218112244897959,2.54081632653061,0.073636136249338,38510
632,624,"mobbdig5","media5",-0.260459197005658,-0.329545454545455,6.11363636363637,0.0737842648162175,135688
211,677,"enernei5","påviven3",0.207632863254863,0.2822631913541,1.26891290527654,0.0738588438576007,40228
388,764,"alvor1","søvnprob12",-0.175117605416788,-0.284574468085107,4.36843971631206,0.0739738023924771,34694
228,266,"alknei3","skoletime4",0.314600373531289,0.224696356275303,0.921052631578948,0.0745627907026476,33040
216,766,"energru4","søvnprob3",0.318996542253751,0.180904522613066,3.42211055276382,0.0751507079079369,53166
378,505,"poldelt5","alktype4",-0.197341740630603,-0.0412985017287746,2.02151363810987,0.0755531412517291,55366
181,306,"trygg1","kultår8",0.395781955934523,0.509090909090909,0.727272727272728,0.0757357470532432,40632
479,672,"alkprob17","påvifor7",0.20908810764904,0.204057971014493,0.883478260869566,0.0758492152545765,41141
770,299,"søvnprob8","fritid11",-0.169969063899681,-0.332524271844662,2.98980582524272,0.0758603484339586,329026
293,625,"nærmiljø6","media6",0.258616832494572,0.586206896551724,1.46551724137931,0.0759224698510614,135386
155,208,"oppdragelse2","enernei2",-0.38575837490523,-0.119047619047619,1.4047619047619,0.076209584751337,50338
306,183,"kultår8","trygg3",0.394853252372436,0.35,0.607142857142858,0.0764876921818834,49919
765,211,"søvnprob2","enernei5",0.27926331654799,0.284362549800797,1.36503984063745,0.077023083511939,49384
477,669,"alkprob15","påvifor4",0.207834996477935,0.107871720116618,0.854227405247813,0.0776620210733963,53274
226,299,"alknei7","fritid11",0.239922999782737,0.120253164556962,1.0126582278481,0.0776785564430309,329026
476,676,"alkprob14","påviven2",0.218646778012651,0.173076923076923,0.71153846153846,0.0777716150217011,40301
315,340,"nettkont2","spillvikt3",-0.176297931894352,-0.12753585734591,2.40857991988629,0.0778061568670311,29484
478,333,"alkprob16","spillprob3",-0.163988808117625,-0.365942028985507,2.19927536231884,0.0785750093834462,232946
155,214,"oppdragelse2","energru2",-0.230218585505319,-0.0896292820272173,1.40215861098076,0.0794042272333533,53955
333,477,"spillprob3","alkprob15",-0.163473951966206,-0.153661464585835,1.96398559423769,0.0795305423983701,40914
215,455,"energru3","alko4",-0.412003356963242,-0.337638376383764,3.27675276752768,0.0796392124808076,30359
519,517,"bøker2","atfpro22",-0.28763345468146,-0.332730560578661,1.97287522603978,0.079932341580554,222862
770,388,"søvnprob8","alvor1",-0.169987424363746,-0.166454406520632,3.17205807437596,0.0800365199887965,38859
673,475,"påvifor8","alkprob13",0.207658791933123,0.195261079420799,2.25625274243089,0.080059689329069,41047
397,321,"hatytring8","vennkont4",-0.171595496809601,-0.0979080760333904,1.65709544403097,0.0800683474924501,27616
294,260,"fritid3","skole12",-0.150394844410161,-0.103494324504785,1.60004451368795,0.0805236466628771,67613
288,749,"skolprob3","spilltid3_1",-0.163588229693208,-0.232307692307692,1.34,0.0806525407747203,141689
676,210,"påviven2","enernei4",0.201553922250511,0.159156976744186,1.83720930232558,0.0808193096071559,50218
258,676,"skole10","påviven2",0.371512096736079,0.540740740740741,1.35555555555556,0.0809074839469022,40301
213,388,"energru1","alvor1",-0.228954049829079,-0.0944013077237435,1.64814058030241,0.0811149904159103,38859
362,222,"friluft10","rusfarl3",-0.172312694220159,-0.189618392984121,4.85612704432329,0.0817740610089437,129609
681,256,"påviven7","skole8",0.379128813185302,0.227586206896552,1.87931034482759,0.0818389458643987,68638
268,202,"skoleangst1","skolemat1",-0.301979372137766,-0.194312796208531,2.65876777251185,0.0826085086932051,37628
519,560,"bøker2","foreldre9",-0.288946088246104,-0.207848837209302,2.02470930232558,0.0828332173912129,265764
382,322,"samftil10","vennkont5",0.316258357530359,0.260252365930599,2.5378548895899,0.0830432454041902,27678
208,682,"enernei2","påviven8",0.201451657402639,0.3875,1.285,0.0830714069227953,36765
479,669,"alkprob17","påvifor4",0.203739512260097,0.199416909620991,0.973760932944608,0.0838286587507588,53274
770,296,"søvnprob8","fritid5",-0.166315597309737,-0.222183507549361,2.99686411149826,0.0839117277572462,330181
156,215,"oppdragelse3","energru3",-0.228739728585738,-0.086621751684312,1.39942252165544,0.0841519674271918,53888
211,681,"enernei5","påviven7",0.201751105290492,0.275324675324675,1.3012987012987,0.0847519858591697,36976
265,229,"skoletime3","alknei4",0.309480687246064,0.390909090909091,1.51818181818182,0.0847731575113796,57598
380,320,"samftil3","vennkont3",-0.308999504525357,-0.20735524256651,4.18153364632238,0.0852837122799744,27579
183,305,"trygg3","kultår7",0.384260653723485,0.328125,1.19791666666667,0.0854642302934591,40804
769,216,"søvnprob6","energru4",0.303655338031425,0.481203007518795,-0.323308270676685,0.0858080991999812,53553
359,319,"friluft7","vennkont2",0.308166775680683,0.512820512820513,2.91666666666667,0.0861728407631638,27781
479,327,"alkprob17","spilltid2_5",-0.155948857160902,-0.21311475409836,1.39344262295082,0.0862920508067394,147458
770,389,"søvnprob8","alvor2",-0.166619080075494,-0.184972990669504,3.20723522671469,0.0862921320224539,38746
186,738,"søvnprob7","snus3",-0.278229464214334,-0.747422680412372,3.2319587628866,0.0863343497243005,25666
336,477,"spillprob6","alkprob15",-0.160600135284008,-0.117528271405493,2.01777059773829,0.0864225446218541,40914
280,320,"skulkgr3","vennkont3",0.211034260059709,0.148038245961095,1.18166831519947,0.0864834332224235,27579
709,388,"skjermtid2_5","alvor1",0.195265778235761,0.0465299684542586,0.740536277602523,0.0866699088527621,38859
321,303,"vennkont4","kultmnd5",-0.170476178445558,-0.305185704274702,3.52838121934128,0.086699789482085,65366
214,388,"energru2","alvor1",0.224803711082983,0.212913771965672,1.61176951369023,0.0869352720652193,38859
322,354,"vennkont5","friluft1",0.307411338318502,0.312108559498956,2.29436325678497,0.0869855729949295,67825
678,729,"påviven4","skolvansk2",0.209029655450174,0.130817610062893,1.94937106918239,0.0871366186681356,23262
317,375,"nettmøte1","poldelt1",-0.160762448229128,-0.203557312252965,1.88537549407115,0.0875085279571673,44662
730,493,"skolvansk3","alkskaf2_3",-0.322752812971558,-1.25641025641026,5.5897435897436,0.0876981735005426,40513
265,194,"skoletime3","kroppsbilde9",-0.363989996782368,-0.321285140562249,3.1285140562249,0.0877428543838125,118646
353,307,"someprob6","kultår9",-0.156376253462658,-0.16781836130306,1.78051990786443,0.0880833943428094,39582
377,462,"poldelt4","alkpress3",-0.187740147579208,-0.108175473579262,2.0284147557328,0.0892055731760079,56268
207,237,"enernei1","rusholdn11",-0.152518519399947,-0.295665634674925,2.03250773993809,0.0895026395576933,33768
226,296,"alknei7","fritid5",-0.228526522253561,-0.109422492401216,1.4741641337386,0.0902532529660182,330181
519,75,"bøker2","nærtilb3",-0.278609023824958,-0.200842696629213,2.03370786516854,0.0903009606143522,603145
227,375,"alknei2","poldelt1",-0.267459139934293,-0.247619047619048,1.58095238095238,0.0909196344951528,44662
387,228,"polholdn1","alknei3",-0.270216259546085,-0.562499999999999,4.18749999999999,0.0917306499070547,59501
681,259,"påviven7","skole11",-0.367788086720996,-0.257009345794393,2.87383177570093,0.0921816875507239,68314
611,570,"kultmnd3","forhfor12",-0.173620500907372,-0.248848987108656,2.11671270718232,0.0924436427742042,36193
207,761,"enernei1","søvnprob1",0.262758192935847,0.340277777777778,1.0625,0.0927313213950853,53598
377,305,"poldelt4","kultår7",-0.153706896062801,-0.0479719188767557,2.0097503900156,0.0937133751498535,40804
195,266,"kroppsbilde7","skoletime4",0.357663890461482,0.457831325301205,1.53012048192771,0.0938178408534659,33040
423,624,"persprob1","media5",-0.247204574682966,-0.315406976744186,2.07122093023256,0.0938899124830001,135688
762,292,"søvnprob10","framtid7",0.214292854524772,0.324074074074074,1.52777777777778,0.0944266562354696,196829
155,245,"oppdragelse2","ruskjør3",0.249451217041603,0.384615384615385,0.615384615384614,0.0945548601695274,225375
564,731,"forhfor6","skolvansk4",-0.155119920770767,-0.0823134622976708,1.73489932885906,0.0949216933192668,32396
676,479,"påviven2","alkprob17",0.207247537621609,0.171806167400882,2.22026431718062,0.0949788406743398,40883
340,360,"spillvikt3","friluft8",0.310382956390705,0.305555555555556,1.38888888888889,0.0950544527167767,58259
283,264,"skulktim3","skoletime2",0.210368297905823,0.442307692307692,1.00721153846154,0.095215439830844,33256
560,625,"foreldre9","media6",-0.245655911597511,-0.629411764705883,3.13529411764706,0.0960333455497497,135386
678,209,"påviven4","enernei3",0.195831173433788,0.125773776027012,2.24479459763647,0.0968293779582567,48967
362,457,"friluft10","alkomg1",0.230414754731936,0.293974732750241,3.31243926141886,0.0969418999558926,389559
564,121,"forhfor6","relig2",0.199925822537636,0.192357234864749,0.715757835981109,0.0970391423064674,421623
731,742,"skolvansk4","sosmedia2_3",-0.308353639857088,-1.16,3.16,0.0973506207914977,67510
156,214,"oppdragelse3","energru2",-0.219501261920445,-0.0829935236267691,1.37131206524346,0.0978149969704207,53955
198,241,"fysselvb2","rusholdn13",-0.155749900773131,-0.282392026578074,3.42524916943522,0.0979769244324946,32354
728,670,"skolvansk1","påvifor5",-0.195072671225024,-0.358245614035088,3.21087719298246,0.098154940369929,43831
387,230,"polholdn1","alknei5",0.275953664146723,0.674603174603175,2.53968253968254,0.0982849069893446,59396
770,262,"søvnprob8","karforn1",0.268531084281858,0.49404761904762,1.61309523809524,0.0983447099144908,181116
359,613,"friluft7","læring7",0.240803753743492,0.313330279431975,2.03847915712322,0.0992046581529322,24946
